item_code, item_name, search_key, issue_method, reorder_quantity, item_quantity, isPhysical, isActive, from_bom, creadet_date, created_time, created_user, modified_date, modified_time, modified_user, remark, sub_category_code, rack_slot_code, buying_uom, selling_uom, issue_method_issue_method_id, item_type_code, base_item, brand_code
ITM1000,GREESE MP2,,1,10,1,1,1,0,1/1/2017,12:00:00,1,1/1/2017,12:00:00,1,GREESE MP2,SUB1003,SLT1000,UOM1003,UOM1004,1,,ITP1001,
ITM1001,GREESE MP2 100G,,,10,100,1,1,0,10/1/2017,18:33:38,1,,,0,GREESE MP2 100G,SUB1003,SLT1000,UOM1003,UOM1004,1,,ITP1000,BRN1055
ITM1002,DIFFERENTIAL GEAR OIL 85W90 GL-5,,1,10,1,1,1,0,1/1/2017,12:00:00,1,1/1/2017,12:00:00,1,DIFFERENTIAL GEAR OIL 85W90 GL-5,SUB1002,SLT1000,UOM1000,UOM1000,1,,ITP1000,
ITM1003,GEAR OIL MP140 1L,,1,10,1,1,1,0,1/1/2017,12:00:00,1,1/1/2017,12:00:00,1,GEAR OIL MP140 1L,SUB1002,SLT1000,UOM1000,UOM1000,1,,ITP1000,
ITM1004,GL5  EP 80W90 5L,,1,10,1,1,1,0,1/1/2017,12:00:00,1,1/1/2017,12:00:00,1,GL5  EP 80W90 5L,SUB1002,SLT1000,UOM1000,UOM1000,1,,ITP1000,
ITM1005,GL5 EP GEAR OIL 80W90,,1,10,1,1,1,0,1/1/2017,12:00:00,1,1/1/2017,12:00:00,1,GL5 EP GEAR OIL 80W90,SUB1002,SLT1000,UOM1000,UOM1000,1,,ITP1000,
ITM1006,HONDA CVT GEAR OIL 3.5L,,1,10,1,1,1,0,1/1/2017,12:00:00,1,1/1/2017,12:00:00,1,HONDA CVT GEAR OIL 3.5L,SUB1002,SLT1000,UOM1000,UOM1000,1,,ITP1000,
ITM1007,LIMITED SLIP GEAR OIL 80W-90,,1,10,1,1,1,0,1/1/2017,12:00:00,1,1/1/2017,12:00:00,1,LIMITED SLIP GEAR OIL 80W-90,SUB1002,SLT1000,UOM1000,UOM1000,1,,ITP1000,
ITM1008,LSD GEAR OIL GL5 85W90 1L,,1,10,1,1,1,0,1/1/2017,12:00:00,1,1/1/2017,12:00:00,1,LSD GEAR OIL GL5 85W90 1L,SUB1002,SLT1000,UOM1000,UOM1000,1,,ITP1000,
ITM1009,TOYOTA LIMITED SLIP GEAR OIL,,1,10,1,1,1,0,1/1/2017,12:00:00,1,1/1/2017,12:00:00,1,TOYOTA LIMITED SLIP GEAR OIL,SUB1002,SLT1000,UOM1000,UOM1000,1,,ITP1000,
ITM1010,VALVOLINE 80W-90 (LSD) GEAR OIL,,1,10,1,1,1,0,1/1/2017,12:00:00,1,1/1/2017,12:00:00,1,VALVOLINE 80W-90 (LSD) GEAR OIL,SUB1002,SLT1000,UOM1000,UOM1000,1,,ITP1000,
ITM1011,HEAVY DUTY DIESEL ENGINE OIL 15W40 5L,,1,10,1,1,1,0,1/1/2017,12:00:00,1,1/1/2017,12:00:00,1,HEAVY DUTY DIESEL ENGINE OIL 15W40 5L,SUB1001,SLT1000,UOM1000,UOM1000,1,,ITP1000,
ITM1012,FULL SERVICE CAR,,,0,1,1,1,0,10/1/2017,19:34:12,1,,,0,FULL SERVICE FOR CARS,SUB1035,SLT1000,UOM1000,UOM1000,1,,ITP1000,
ITM1013,LANKA SUPER DS30 5L,,1,10,1,1,1,0,1/1/2017,12:00:00,1,1/1/2017,12:00:00,1,LANKA SUPER DS30 5L,SUB1001,SLT1000,UOM1000,UOM1000,1,,ITP1000,
ITM1014,MOBIL 10W-40 1L SN/CF,,1,10,1,1,1,0,1/1/2017,12:00:00,1,1/1/2017,12:00:00,1,MOBIL 10W-40 1L SN/CF,SUB1001,SLT1000,UOM1000,UOM1000,1,,ITP1000,
ITM1015,MOBIL 10W-40 4L,,1,10,1,1,1,0,1/1/2017,12:00:00,1,1/1/2017,12:00:00,1,MOBIL 10W-40 4L,SUB1001,SLT1000,UOM1000,UOM1000,1,,ITP1000,
ITM1016,MOBIL FULLY SYNTHETIC 5W30 1L,,1,10,1,1,1,0,1/1/2017,12:00:00,1,1/1/2017,12:00:00,1,MOBIL FULLY SYNTHETIC 5W30 1L,SUB1001,SLT1000,UOM1000,UOM1000,1,,ITP1000,
ITM1017,MOBIL FULLY SYNTHETIC 5W50 4L,,1,10,1,1,1,0,1/1/2017,12:00:00,1,1/1/2017,12:00:00,1,MOBIL FULLY SYNTHETIC 5W50 4L,SUB1001,SLT1000,UOM1000,UOM1000,1,,ITP1000,
ITM1018,MOBIL MX 15W40 1L,,1,10,1,1,1,0,1/1/2017,12:00:00,1,1/1/2017,12:00:00,1,MOBIL MX 15W40 1L,SUB1001,SLT1000,UOM1000,UOM1000,1,,ITP1000,
ITM1019,MOBIL SUPER 1000 1L,,1,10,1,1,1,0,1/1/2017,12:00:00,1,1/1/2017,12:00:00,1,MOBIL SUPER 1000 1L,SUB1001,SLT1000,UOM1000,UOM1000,1,,ITP1000,
ITM1020,MOBIL SUPER 1000 4L,,1,10,1,1,1,0,1/1/2017,12:00:00,1,1/1/2017,12:00:00,1,MOBIL SUPER 1000 4L,SUB1001,SLT1000,UOM1000,UOM1000,1,,ITP1000,
ITM1021,MOBIL SUPER 2000 1L,,1,10,1,1,1,0,1/1/2017,12:00:00,1,1/1/2017,12:00:00,1,MOBIL SUPER 2000 1L,SUB1001,SLT1000,UOM1000,UOM1000,1,,ITP1000,
ITM1022,MOTOR OIL DIESEL CF 10W30 4L,,1,10,1,1,1,0,1/1/2017,12:00:00,1,1/1/2017,12:00:00,1,MOTOR OIL DIESEL CF 10W30 4L,SUB1001,SLT1000,UOM1000,UOM1000,1,,ITP1000,
ITM1023,MOTOR OIL SL/CF 10W30 1L,,1,10,1,1,1,0,1/1/2017,12:00:00,1,1/1/2017,12:00:00,1,MOTOR OIL SL/CF 10W30 1L,SUB1001,SLT1000,UOM1000,UOM1000,1,,ITP1000,
ITM1024,SUPER PLUS 40 1L,,1,10,1,1,1,0,1/1/2017,12:00:00,1,1/1/2017,12:00:00,1,SUPER PLUS 40 1L,SUB1001,SLT1000,UOM1000,UOM1000,1,,ITP1000,
ITM1025,TURBO HEAVY DUTY DIESEL ENGINE OIL 15W40 1L,,1,10,1,1,1,0,1/1/2017,12:00:00,1,1/1/2017,12:00:00,1,TORBO HEAVY DUTY DIESEL ENGINE OIL 15W40 1L,SUB1001,SLT1000,UOM1000,UOM1000,1,,ITP1000,
ITM1026,TURBO HEAVY DUTY DIESEL ENGINE OIL 15W40 5L,,1,10,1,1,1,0,1/1/2017,12:00:00,1,1/1/2017,12:00:00,1,TURBO HEAVY DUTY DIESEL ENGINE OIL 15W40 5L,SUB1001,SLT1000,UOM1000,UOM1000,1,,ITP1000,
ITM1027,TOYOTA SL/CF MOTOR OIL 4L,,1,10,1,1,1,0,1/1/2017,12:00:00,1,1/1/2017,12:00:00,1,TOYOTA SL/CF MOTOR OIL 4L,SUB1001,SLT1000,UOM1000,UOM1000,1,,ITP1000,
ITM1028,TOYOTA MOTER OIL SL/CF 10W30 4L,,1,10,1,1,1,0,1/1/2017,12:00:00,1,1/1/2017,12:00:00,1,TOYOTA MOTER OIL SL/CF 10W30 4L,SUB1001,SLT1000,UOM1000,UOM1000,1,,ITP1000,
ITM1029,CALTEX BRAK OIL 250ML,,1,10,1,1,1,0,1/1/2017,12:00:00,1,1/1/2017,12:00:00,1,CALTEX BRAK OIL 250ML,SUB1000,SLT1000,UOM1000,UOM1000,1,,ITP1000,
ITM1030,CALTEX BRAK OIL 500ML,,1,10,1,1,1,0,1/1/2017,12:00:00,1,1/1/2017,12:00:00,1,CALTEX BRAK OIL 500ML,SUB1000,SLT1000,UOM1000,UOM1000,1,,ITP1000,
ITM1031,LOCKHEED 250ML,,1,10,1,1,1,0,1/1/2017,12:00:00,1,1/1/2017,12:00:00,1,LOCKHEED 250ML,SUB1000,SLT1000,UOM1000,UOM1000,1,,ITP1000,
ITM1032,LOCKHEED 500ML,,1,10,1,1,1,0,1/1/2017,12:00:00,1,1/1/2017,12:00:00,1,LOCKHEED 500ML,SUB1000,SLT1000,UOM1000,UOM1000,1,,ITP1000,
ITM1033,ATF & POWER STEERING OIL 1L,,1,10,1,1,1,0,1/1/2017,12:00:00,1,1/1/2017,12:00:00,1,ATF & POWER STEERING OIL 1L,SUB1002,SLT1000,UOM1000,UOM1000,1,,ITP1000,
ITM1034,ATF & POWER STEERING OIL 250ML,,1,10,1,1,1,0,1/1/2017,12:00:00,1,1/1/2017,12:00:00,1,ATF & POWER STEERING OIL 250ML,SUB1002,SLT1000,UOM1000,UOM1000,1,,ITP1000,
ITM1035,ATF & POWER STEERING OIL 500ML,,1,10,1,1,1,0,1/1/2017,12:00:00,1,1/1/2017,12:00:00,1,ATF & POWER STEERING OIL 500ML,SUB1002,SLT1000,UOM1000,UOM1000,1,,ITP1000,
ITM1036,ATF D2 TOYOTA,,1,10,1,1,1,0,1/1/2017,12:00:00,1,1/1/2017,12:00:00,1,ATF D2 TOYOTA,SUB1002,SLT1000,UOM1000,UOM1000,1,,ITP1000,
ITM1037,AUTOMATIC TRANSMISSION  MOBIL,,1,10,1,1,1,0,1/1/2017,12:00:00,1,1/1/2017,12:00:00,1,AUTOMATIC TRANSMISSION  MOBIL,SUB1002,SLT1000,UOM1000,UOM1000,1,,ITP1000,
ITM1038,FULL SYNTHETIC ATF-WS,,1,10,1,1,1,0,1/1/2017,12:00:00,1,1/1/2017,12:00:00,1,FULL SYNTHETIC ATF-WS,SUB1002,SLT1000,UOM1000,UOM1000,1,,ITP1000,
ITM1039,HAVOLINE ATF-J,,1,10,1,1,1,0,1/1/2017,12:00:00,1,1/1/2017,12:00:00,1,HAVOLINE ATF-J,SUB1002,SLT1000,UOM1000,UOM1000,1,,ITP1000,
ITM1040,MULTIPURPOSE ATF MOBIL,,1,10,1,1,1,0,1/1/2017,12:00:00,1,1/1/2017,12:00:00,1,MULTIPURPOSE ATF MOBIL,SUB1002,SLT1000,UOM1000,UOM1000,1,,ITP1000,
ITM1041,SYNTHETIC CVT FLUID BG,,1,10,1,1,1,0,1/1/2017,12:00:00,1,1/1/2017,12:00:00,1,SYNTHETIC CVT FLUID BG,SUB1002,SLT1000,UOM1000,UOM1000,1,,ITP1000,
ITM1042,TOYOTA ATF T4 1L,,1,10,1,1,1,0,1/1/2017,12:00:00,1,1/1/2017,12:00:00,1,TOYOTA ATF T4 1L,SUB1002,SLT1000,UOM1000,UOM1000,1,,ITP1000,
ITM1043,TOYOTA WS ATF 4L,,1,10,1,1,1,0,1/1/2017,12:00:00,1,1/1/2017,12:00:00,1,TOYOTA WS ATF 4L,SUB1002,SLT1000,UOM1000,UOM1000,1,,ITP1000,
ITM1044,TOYOTA CVT FLUID 4L,,1,10,1,1,1,0,1/1/2017,12:00:00,1,1/1/2017,12:00:00,1,TOYOTA CVT FLUID 4L,SUB1002,SLT1000,UOM1000,UOM1000,1,,ITP1000,
ITM1045,ASSY OIL FILTER TC0101,,1,10,1,1,1,0,1/1/2017,12:00:00,1,1/1/2017,12:00:00,1,ASSY OIL FILTER TC0101,SUB1008,SLT1000,UOM1000,UOM1000,1,,ITP1000,
ITM1046,AUDI OIL FILTER O004V,,1,10,1,1,1,0,1/1/2017,12:00:00,1,1/1/2017,12:00:00,1,AUDI OIL FILTER O004V,SUB1008,SLT1000,UOM1000,UOM1000,1,,ITP1000,
ITM1047,DAIHATSU OIL FILTER C703AV,,1,10,1,1,1,0,1/1/2017,12:00:00,1,1/1/2017,12:00:00,1,DAIHATSU OIL FILTER C703AV,SUB1008,SLT1000,UOM1000,UOM1000,1,,ITP1000,
ITM1048,DAIHATSU OIL FILTER C932V,,1,10,1,1,1,0,1/1/2017,12:00:00,1,1/1/2017,12:00:00,1,DAIHATSU OIL FILTER C932V,SUB1008,SLT1000,UOM1000,UOM1000,1,,ITP1000,
ITM1049,DAIMLER BENZ OIL FILTER TO11,,1,10,1,1,1,0,1/1/2017,12:00:00,1,1/1/2017,12:00:00,1,DAIMLER BENZ OIL FILTER TO11,SUB1008,SLT1000,UOM1000,UOM1000,1,,ITP1000,
ITM1050,ELEMENT OIL FILTER WO1040,,1,10,1,1,1,0,1/1/2017,12:00:00,1,1/1/2017,12:00:00,1,ELEMENT OIL FILTER WO1040,SUB1008,SLT1000,UOM1000,UOM1000,1,,ITP1000,
ITM1051,GENUINE OIL FILTER 37010,,1,10,1,1,1,0,1/1/2017,12:00:00,1,1/1/2017,12:00:00,1,GENUINE OIL FILTER 37010,SUB1008,SLT1000,UOM1000,UOM1000,1,,ITP1000,
ITM1052,GENUINE OIL FILTER 40060,,1,10,1,1,1,0,1/1/2017,12:00:00,1,1/1/2017,12:00:00,1,GENUINE OIL FILTER 40060,SUB1008,SLT1000,UOM1000,UOM1000,1,,ITP1000,
ITM1053,GENUINE TOYOTA OIL FILTER 10003,,1,10,1,1,1,0,1/1/2017,12:00:00,1,1/1/2017,12:00:00,1,GENUINE TOYOTA OIL FILTER 10003,SUB1008,SLT1000,UOM1000,UOM1000,1,,ITP1000,
ITM1054,HINO OIL FILTER O605V,,1,10,1,1,1,0,1/1/2017,12:00:00,1,1/1/2017,12:00:00,1,HINO OIL FILTER O605V,SUB1008,SLT1000,UOM1000,UOM1000,1,,ITP1000,
ITM1055,HONDA OIL FILTER 15400-PLM-A02,,1,10,1,1,1,0,1/1/2017,12:00:00,1,1/1/2017,12:00:00,1,HONDA OIL FILTER 15400-PLM-A02,SUB1008,SLT1000,UOM1000,UOM1000,1,,ITP1000,
ITM1056,HONDA OIL FILTER C804V,,1,10,1,1,1,0,1/1/2017,12:00:00,1,1/1/2017,12:00:00,1,HONDA OIL FILTER C804V,SUB1008,SLT1000,UOM1000,UOM1000,1,,ITP1000,
ITM1057,HONDA OIL FILTER C806V,,1,10,1,1,1,0,1/1/2017,12:00:00,1,1/1/2017,12:00:00,1,HONDA OIL FILTER C806V,SUB1008,SLT1000,UOM1000,UOM1000,1,,ITP1000,
ITM1058,HONDA OIL FILTER C808V,,1,10,1,1,1,0,1/1/2017,12:00:00,1,1/1/2017,12:00:00,1,HONDA OIL FILTER C808V,SUB1008,SLT1000,UOM1000,UOM1000,1,,ITP1000,
ITM1059,HONDA OIL FILTER C809V,,1,10,1,1,1,0,1/1/2017,12:00:00,1,1/1/2017,12:00:00,1,HONDA OIL FILTER C809V,SUB1008,SLT1000,UOM1000,UOM1000,1,,ITP1000,
ITM1060,ISUZU OIL FILTER  C525N,,1,10,1,1,1,0,1/1/2017,12:00:00,1,1/1/2017,12:00:00,1,ISUZU OIL FILTER  C525N,SUB1008,SLT1000,UOM1000,UOM1000,1,,ITP1000,
ITM1061,ISUZU OIL FILTER C502V,,1,10,1,1,1,0,1/1/2017,12:00:00,1,1/1/2017,12:00:00,1,ISUZU OIL FILTER C502V,SUB1008,SLT1000,UOM1000,UOM1000,1,,ITP1000,
ITM1062,ISUZU OIL FILTER C508A,,1,10,1,1,1,0,1/1/2017,12:00:00,1,1/1/2017,12:00:00,1,ISUZU OIL FILTER C508A,SUB1008,SLT1000,UOM1000,UOM1000,1,,ITP1000,
ITM1063,ISUZU OIL FILTER C508AN,,1,10,1,1,1,0,1/1/2017,12:00:00,1,1/1/2017,12:00:00,1,ISUZU OIL FILTER C508AN,SUB1008,SLT1000,UOM1000,UOM1000,1,,ITP1000,
ITM1064,ISUZU OIL FILTER C512V,,1,10,1,1,1,0,1/1/2017,12:00:00,1,1/1/2017,12:00:00,1,ISUZU OIL FILTER C512V,SUB1008,SLT1000,UOM1000,UOM1000,1,,ITP1000,
ITM1065,ISUZU OIL FILTER C518N,,1,10,1,1,1,0,1/1/2017,12:00:00,1,1/1/2017,12:00:00,1,ISUZU OIL FILTER C518N,SUB1008,SLT1000,UOM1000,UOM1000,1,,ITP1000,
ITM1066,ISUZU OIL FILTER C519N,,1,10,1,1,1,0,1/1/2017,12:00:00,1,1/1/2017,12:00:00,1,ISUZU OIL FILTER C519N,SUB1008,SLT1000,UOM1000,UOM1000,1,,ITP1000,
ITM1067,ISUZU OIL FILTER C521V,,1,10,1,1,1,0,1/1/2017,12:00:00,1,1/1/2017,12:00:00,1,ISUZU OIL FILTER C521V,SUB1008,SLT1000,UOM1000,UOM1000,1,,ITP1000,
ITM1068,ISUZU OIL FILTER C522N,,1,10,1,1,1,0,1/1/2017,12:00:00,1,1/1/2017,12:00:00,1,ISUZU OIL FILTER C522N,SUB1008,SLT1000,UOM1000,UOM1000,1,,ITP1000,
ITM1069,ISUZU OIL FILTER C525V,,1,10,1,1,1,0,1/1/2017,12:00:00,1,1/1/2017,12:00:00,1,ISUZU OIL FILTER C525V,SUB1008,SLT1000,UOM1000,UOM1000,1,,ITP1000,
ITM1070,ISUZU OIL FILTER O502AV,,1,10,1,1,1,0,1/1/2017,12:00:00,1,1/1/2017,12:00:00,1,ISUZU OIL FILTER O502AV,SUB1008,SLT1000,UOM1000,UOM1000,1,,ITP1000,
ITM1071,ISUZU OIL FILTER O503V,,1,10,1,1,1,0,1/1/2017,12:00:00,1,1/1/2017,12:00:00,1,ISUZU OIL FILTER O503V,SUB1008,SLT1000,UOM1000,UOM1000,1,,ITP1000,
ITM1072,ISUZU OIL FILTER O504V,,1,10,1,1,1,0,1/1/2017,12:00:00,1,1/1/2017,12:00:00,1,ISUZU OIL FILTER O504V,SUB1008,SLT1000,UOM1000,UOM1000,1,,ITP1000,
ITM1073,MAHINDRA OIL FILTER,,1,10,1,1,1,0,1/1/2017,12:00:00,1,1/1/2017,12:00:00,1,MAHINDRA OIL FILTER,SUB1008,SLT1000,UOM1000,UOM1000,1,,ITP1000,
ITM1074,MAZDA OIL FILTER C304V,,1,10,1,1,1,0,1/1/2017,12:00:00,1,1/1/2017,12:00:00,1,MAZDA OIL FILTER C304V,SUB1008,SLT1000,UOM1000,UOM1000,1,,ITP1000,
ITM1075,MAZDA OIL FILTER C307V,,1,10,1,1,1,0,1/1/2017,12:00:00,1,1/1/2017,12:00:00,1,MAZDA OIL FILTER C307V,SUB1008,SLT1000,UOM1000,UOM1000,1,,ITP1000,
ITM1076,MAZDA OIL FILTER C405V,,1,10,1,1,1,0,1/1/2017,12:00:00,1,1/1/2017,12:00:00,1,MAZDA OIL FILTER C405V,SUB1008,SLT1000,UOM1000,UOM1000,1,,ITP1000,
ITM1077,MAZDA OIL FILTER C406V,,1,10,1,1,1,0,1/1/2017,12:00:00,1,1/1/2017,12:00:00,1,MAZDA OIL FILTER C406V,SUB1008,SLT1000,UOM1000,UOM1000,1,,ITP1000,
ITM1078,MAZDA OIL FILTER C409N,,1,10,1,1,1,0,1/1/2017,12:00:00,1,1/1/2017,12:00:00,1,MAZDA OIL FILTER C409N,SUB1008,SLT1000,UOM1000,UOM1000,1,,ITP1000,
ITM1079,MAZDA OIL FILTER C411N,,1,10,1,1,1,0,1/1/2017,12:00:00,1,1/1/2017,12:00:00,1,MAZDA OIL FILTER C411N,SUB1008,SLT1000,UOM1000,UOM1000,1,,ITP1000,
ITM1080,MAZDA OIL FILTER C411V,,1,10,1,1,1,0,1/1/2017,12:00:00,1,1/1/2017,12:00:00,1,MAZDA OIL FILTER C411V,SUB1008,SLT1000,UOM1000,UOM1000,1,,ITP1000,
ITM1081,MAZDA OIL FILTER C412N,,1,10,1,1,1,0,1/1/2017,12:00:00,1,1/1/2017,12:00:00,1,MAZDA OIL FILTER C412N,SUB1008,SLT1000,UOM1000,UOM1000,1,,ITP1000,
ITM1082,MAZDA OIL FILTER C412V,,1,10,1,1,1,0,1/1/2017,12:00:00,1,1/1/2017,12:00:00,1,MAZDA OIL FILTER C412V,SUB1008,SLT1000,UOM1000,UOM1000,1,,ITP1000,
ITM1083,MAZDA OIL FILTER C416V,,1,10,1,1,1,0,1/1/2017,12:00:00,1,1/1/2017,12:00:00,1,MAZDA OIL FILTER C416V,SUB1008,SLT1000,UOM1000,UOM1000,1,,ITP1000,
ITM1084,MAZDA OIL FILTER C417V,,1,10,1,1,1,0,1/1/2017,12:00:00,1,1/1/2017,12:00:00,1,MAZDA OIL FILTER C417V,SUB1008,SLT1000,UOM1000,UOM1000,1,,ITP1000,
ITM1085,MAZDA OIL FILTER C418V,,1,10,1,1,1,0,1/1/2017,12:00:00,1,1/1/2017,12:00:00,1,MAZDA OIL FILTER C418V,SUB1008,SLT1000,UOM1000,UOM1000,1,,ITP1000,
ITM1086,MAZDA OIL FILTER C506V,,1,10,1,1,1,0,1/1/2017,12:00:00,1,1/1/2017,12:00:00,1,MAZDA OIL FILTER C506V,SUB1008,SLT1000,UOM1000,UOM1000,1,,ITP1000,
ITM1087,MAZDA OIL FILTER C901V,,1,10,1,1,1,0,1/1/2017,12:00:00,1,1/1/2017,12:00:00,1,MAZDA OIL FILTER C901V,SUB1008,SLT1000,UOM1000,UOM1000,1,,ITP1000,
ITM1088,MERCEDES BENZ OIL FILTER KO12,,1,10,1,1,1,0,1/1/2017,12:00:00,1,1/1/2017,12:00:00,1,MERCEDES BENZ OIL FILTER KO12,SUB1008,SLT1000,UOM1000,UOM1000,1,,ITP1000,
ITM1089,MITSUBISHI OIL FILTER,,1,10,1,1,1,0,1/1/2017,12:00:00,1,1/1/2017,12:00:00,1,MITSUBISHI OIL FILTER,SUB1008,SLT1000,UOM1000,UOM1000,1,,ITP1000,
ITM1090,MITSUBISHI OIL FILTER C303N,,1,10,1,1,1,0,1/1/2017,12:00:00,1,1/1/2017,12:00:00,1,MITSUBISHI OIL FILTER C303N,SUB1008,SLT1000,UOM1000,UOM1000,1,,ITP1000,
ITM1091,MITSUBISHI OIL FILTER C303V,,1,10,1,1,1,0,1/1/2017,12:00:00,1,1/1/2017,12:00:00,1,MITSUBISHI OIL FILTER C303V,SUB1008,SLT1000,UOM1000,UOM1000,1,,ITP1000,
ITM1092,MITSUBISHI OIL FILTER C306N,,1,10,1,1,1,0,1/1/2017,12:00:00,1,1/1/2017,12:00:00,1,MITSUBISHI OIL FILTER C306N,SUB1008,SLT1000,UOM1000,UOM1000,1,,ITP1000,
ITM1093,MITSUBISHI OIL FILTER C306V,,1,10,1,1,1,0,1/1/2017,12:00:00,1,1/1/2017,12:00:00,1,MITSUBISHI OIL FILTER C306V,SUB1008,SLT1000,UOM1000,UOM1000,1,,ITP1000,
ITM1094,MITSUBISHI OIL FILTER C308V,,1,10,1,1,1,0,1/1/2017,12:00:00,1,1/1/2017,12:00:00,1,MITSUBISHI OIL FILTER C308V,SUB1008,SLT1000,UOM1000,UOM1000,1,,ITP1000,
ITM1095,MITSUBISHI OIL FILTER C312V,,1,10,1,1,1,0,1/1/2017,12:00:00,1,1/1/2017,12:00:00,1,MITSUBISHI OIL FILTER C312V,SUB1008,SLT1000,UOM1000,UOM1000,1,,ITP1000,
ITM1096,MITSUBISHI OIL FILTER C313V,,1,10,1,1,1,0,1/1/2017,12:00:00,1,1/1/2017,12:00:00,1,MITSUBISHI OIL FILTER C313V,SUB1008,SLT1000,UOM1000,UOM1000,1,,ITP1000,
ITM1097,MITSUBISHI OIL FILTER C316V,,1,10,1,1,1,0,1/1/2017,12:00:00,1,1/1/2017,12:00:00,1,MITSUBISHI OIL FILTER C316V,SUB1008,SLT1000,UOM1000,UOM1000,1,,ITP1000,
ITM1098,MITSUBISHI OIL FILTER C317V,,1,10,1,1,1,0,1/1/2017,12:00:00,1,1/1/2017,12:00:00,1,MITSUBISHI OIL FILTER C317V,SUB1008,SLT1000,UOM1000,UOM1000,1,,ITP1000,
ITM1099,MITSUBISHI OIL FILTER C407V,,1,10,1,1,1,0,1/1/2017,12:00:00,1,1/1/2017,12:00:00,1,MITSUBISHI OIL FILTER C407V,SUB1008,SLT1000,UOM1000,UOM1000,1,,ITP1000,
ITM1100,MITSUBISHI OIL FILTER C503V,,1,10,1,1,1,0,1/1/2017,12:00:00,1,1/1/2017,12:00:00,1,MITSUBISHI OIL FILTER C503V,SUB1008,SLT1000,UOM1000,UOM1000,1,,ITP1000,
ITM1101,MITSUBISHI OIL FILTER O306V,,1,10,1,1,1,0,1/1/2017,12:00:00,1,1/1/2017,12:00:00,1,MITSUBISHI OIL FILTER O306V,SUB1008,SLT1000,UOM1000,UOM1000,1,,ITP1000,
ITM1102,NISSAN OIL FILTER C204V,,1,10,1,1,1,0,1/1/2017,12:00:00,1,1/1/2017,12:00:00,1,NISSAN OIL FILTER C204V,SUB1008,SLT1000,UOM1000,UOM1000,1,,ITP1000,
ITM1103,NISSAN OIL FILTER C205V,,1,10,1,1,1,0,1/1/2017,12:00:00,1,1/1/2017,12:00:00,1,NISSAN OIL FILTER C205V,SUB1008,SLT1000,UOM1000,UOM1000,1,,ITP1000,
ITM1104,NISSAN OIL FILTER C206N,,1,10,1,1,1,0,1/1/2017,12:00:00,1,1/1/2017,12:00:00,1,NISSAN OIL FILTER C206N,SUB1008,SLT1000,UOM1000,UOM1000,1,,ITP1000,
ITM1105,NISSAN OIL FILTER C206V,,1,10,1,1,1,0,1/1/2017,12:00:00,1,1/1/2017,12:00:00,1,NISSAN OIL FILTER C206V,SUB1008,SLT1000,UOM1000,UOM1000,1,,ITP1000,
ITM1106,NISSAN OIL FILTER C207N,,1,10,1,1,1,0,1/1/2017,12:00:00,1,1/1/2017,12:00:00,1,NISSAN OIL FILTER C207N,SUB1008,SLT1000,UOM1000,UOM1000,1,,ITP1000,
ITM1107,NISSAN OIL FILTER C207V,,1,10,1,1,1,0,1/1/2017,12:00:00,1,1/1/2017,12:00:00,1,NISSAN OIL FILTER C207V,SUB1008,SLT1000,UOM1000,UOM1000,1,,ITP1000,
ITM1108,NISSAN OIL FILTER C209N,,1,10,1,1,1,0,1/1/2017,12:00:00,1,1/1/2017,12:00:00,1,NISSAN OIL FILTER C209N,SUB1008,SLT1000,UOM1000,UOM1000,1,,ITP1000,
ITM1109,NISSAN OIL FILTER C209V,,1,10,1,1,1,0,1/1/2017,12:00:00,1,1/1/2017,12:00:00,1,NISSAN OIL FILTER C209V,SUB1008,SLT1000,UOM1000,UOM1000,1,,ITP1000,
ITM1110,NISSAN OIL FILTER C211V,,1,10,1,1,1,0,1/1/2017,12:00:00,1,1/1/2017,12:00:00,1,NISSAN OIL FILTER C211V,SUB1008,SLT1000,UOM1000,UOM1000,1,,ITP1000,
ITM1111,NISSAN OIL FILTER C212V,,1,10,1,1,1,0,1/1/2017,12:00:00,1,1/1/2017,12:00:00,1,NISSAN OIL FILTER C212V,SUB1008,SLT1000,UOM1000,UOM1000,1,,ITP1000,
ITM1112,NISSAN OIL FILTER C218V,,1,10,1,1,1,0,1/1/2017,12:00:00,1,1/1/2017,12:00:00,1,NISSAN OIL FILTER C218V,SUB1008,SLT1000,UOM1000,UOM1000,1,,ITP1000,
ITM1113,NISSAN OIL FILTER C224V,,1,10,1,1,1,0,1/1/2017,12:00:00,1,1/1/2017,12:00:00,1,NISSAN OIL FILTER C224V,SUB1008,SLT1000,UOM1000,UOM1000,1,,ITP1000,
ITM1114,NISSAN OIL FILTER C225V,,1,10,1,1,1,0,1/1/2017,12:00:00,1,1/1/2017,12:00:00,1,NISSAN OIL FILTER C225V,SUB1008,SLT1000,UOM1000,UOM1000,1,,ITP1000,
ITM1115,NISSAN OIL FILTER C226N,,1,10,1,1,1,0,1/1/2017,12:00:00,1,1/1/2017,12:00:00,1,NISSAN OIL FILTER C226N,SUB1008,SLT1000,UOM1000,UOM1000,1,,ITP1000,
ITM1116,NISSAN OIL FILTER C226V,,1,10,1,1,1,0,1/1/2017,12:00:00,1,1/1/2017,12:00:00,1,NISSAN OIL FILTER C226V,SUB1008,SLT1000,UOM1000,UOM1000,1,,ITP1000,
ITM1117,NISSAN OIL FILTER O203V,,1,10,1,1,1,0,1/1/2017,12:00:00,1,1/1/2017,12:00:00,1,NISSAN OIL FILTER O203V,SUB1008,SLT1000,UOM1000,UOM1000,1,,ITP1000,
ITM1118,NISSAN OIL FILTER O206V,,,10,1,1,1,0,10/1/2017,18:34:33,1,,,0,NISSAN OIL FILTER O206V,SUB1008,SLT1000,UOM1000,UOM1000,1,,ITP1000,BRN1046
ITM1119,OIL FILTER,,1,10,1,1,1,0,1/1/2017,12:00:00,1,1/1/2017,12:00:00,1,OIL FILTER,SUB1008,SLT1000,UOM1000,UOM1000,1,,ITP1000,
ITM1120,OIL FILTER  ABL/YUJIN/ WB178,,1,10,1,1,1,0,1/1/2017,12:00:00,1,1/1/2017,12:00:00,1,OIL FILTER  ABL/YUJIN/ WB178,SUB1008,SLT1000,UOM1000,UOM1000,1,,ITP1000,
ITM1121,OIL FILTER (KIA) SORENTO IPEO 795,,1,10,1,1,1,0,1/1/2017,12:00:00,1,1/1/2017,12:00:00,1,OIL FILTER (KIA) SORENTO IPEO 795,SUB1008,SLT1000,UOM1000,UOM1000,1,,ITP1000,
ITM1122,OIL FILTER ABL/CHANGAN/FAW WB7009,,1,10,1,1,1,0,1/1/2017,12:00:00,1,1/1/2017,12:00:00,1,OIL FILTER ABL/CHANGAN/FAW WB7009,SUB1008,SLT1000,UOM1000,UOM1000,1,,ITP1000,
ITM1123,OIL FILTER C110N,,1,10,1,1,1,0,1/1/2017,12:00:00,1,1/1/2017,12:00:00,1,OIL FILTER C110N,SUB1008,SLT1000,UOM1000,UOM1000,1,,ITP1000,
ITM1124,OIL FILTER C1132,,1,10,1,1,1,0,1/1/2017,12:00:00,1,1/1/2017,12:00:00,1,OIL FILTER C1132,SUB1008,SLT1000,UOM1000,UOM1000,1,,ITP1000,
ITM1125,OIL FILTER C1515,,1,10,1,1,1,0,1/1/2017,12:00:00,1,1/1/2017,12:00:00,1,OIL FILTER C1515,SUB1008,SLT1000,UOM1000,UOM1000,1,,ITP1000,
ITM1126,OIL FILTER C1523,,1,10,1,1,1,0,1/1/2017,12:00:00,1,1/1/2017,12:00:00,1,OIL FILTER C1523,SUB1008,SLT1000,UOM1000,UOM1000,1,,ITP1000,
ITM1127,OIL FILTER C415V,,1,10,1,1,1,0,1/1/2017,12:00:00,1,1/1/2017,12:00:00,1,OIL FILTER C415V,SUB1008,SLT1000,UOM1000,UOM1000,1,,ITP1000,
ITM1128,OIL FILTER C502N,,1,10,1,1,1,0,1/1/2017,12:00:00,1,1/1/2017,12:00:00,1,OIL FILTER C502N,SUB1008,SLT1000,UOM1000,UOM1000,1,,ITP1000,
ITM1129,OIL FILTER C805N,,1,10,1,1,1,0,1/1/2017,12:00:00,1,1/1/2017,12:00:00,1,OIL FILTER C805N,SUB1008,SLT1000,UOM1000,UOM1000,1,,ITP1000,
ITM1130,OIL FILTER C805V,,1,10,1,1,1,0,1/1/2017,12:00:00,1,1/1/2017,12:00:00,1,OIL FILTER C805V,SUB1008,SLT1000,UOM1000,UOM1000,1,,ITP1000,
ITM1131,OIL FILTER CHANGN/YUJIN/JX707,,1,10,1,1,1,0,1/1/2017,12:00:00,1,1/1/2017,12:00:00,1,OIL FILTER CHANGN/YUJIN/JX707,SUB1008,SLT1000,UOM1000,UOM1000,1,,ITP1000,
ITM1132,OIL FILTER CHERRY QQ JXO705,,1,10,1,1,1,0,1/1/2017,12:00:00,1,1/1/2017,12:00:00,1,OIL FILTER CHERRY QQ JXO705,SUB1008,SLT1000,UOM1000,UOM1000,1,,ITP1000,
ITM1133,OIL FILTER EO2624,,1,10,1,1,1,0,1/1/2017,12:00:00,1,1/1/2017,12:00:00,1,OIL FILTER EO2624,SUB1008,SLT1000,UOM1000,UOM1000,1,,ITP1000,
ITM1134,OIL FILTER FAW/FOTON JXO814D,,1,10,1,1,1,0,1/1/2017,12:00:00,1,1/1/2017,12:00:00,1,OIL FILTER FAW/FOTON JXO814D,SUB1008,SLT1000,UOM1000,UOM1000,1,,ITP1000,
ITM1135,OIL FILTER FOTON/ABL/JX1008,,1,10,1,1,1,0,1/1/2017,12:00:00,1,1/1/2017,12:00:00,1,OIL FILTER FOTON/ABL/JX1008,SUB1008,SLT1000,UOM1000,UOM1000,1,,ITP1000,
ITM1136,OIL FILTER FUDA /ATCO,,1,10,1,1,1,0,1/1/2017,12:00:00,1,1/1/2017,12:00:00,1,OIL FILTER FUDA /ATCO,SUB1008,SLT1000,UOM1000,UOM1000,1,,ITP1000,
ITM1137,OIL FILTER JAC/ATCO/ABL DX150,,1,10,1,1,1,0,1/1/2017,12:00:00,1,1/1/2017,12:00:00,1,OIL FILTER JAC/ATCO/ABL DX150,SUB1008,SLT1000,UOM1000,UOM1000,1,,ITP1000,
ITM1138,OIL FILTER JAC/FAW  0805D,,1,10,1,1,1,0,1/1/2017,12:00:00,1,1/1/2017,12:00:00,1,OIL FILTER JAC/FAW  0805D,SUB1008,SLT1000,UOM1000,UOM1000,1,,ITP1000,
ITM1139,OIL FILTER JAC/FOTON/FAW WB202,,1,10,1,1,1,0,1/1/2017,12:00:00,1,1/1/2017,12:00:00,1,OIL FILTER JAC/FOTON/FAW WB202,SUB1008,SLT1000,UOM1000,UOM1000,1,,ITP1000,
ITM1140,OIL FILTER JAC/FOTON/JX1008A,,1,10,1,1,1,0,1/1/2017,12:00:00,1,1/1/2017,12:00:00,1,OIL FILTER JAC/FOTON/JX1008A,SUB1008,SLT1000,UOM1000,UOM1000,1,,ITP1000,
ITM1141,OIL FILTER JX1011,,1,10,1,1,1,0,1/1/2017,12:00:00,1,1/1/2017,12:00:00,1,OIL FILTER JX1011,SUB1008,SLT1000,UOM1000,UOM1000,1,,ITP1000,
ITM1142,OIL FILTER JX-1023,,1,10,1,1,1,0,1/1/2017,12:00:00,1,1/1/2017,12:00:00,1,OIL FILTER JX-1023,SUB1008,SLT1000,UOM1000,UOM1000,1,,ITP1000,
ITM1143,OIL FILTER JXO706A,,1,10,1,1,1,0,1/1/2017,12:00:00,1,1/1/2017,12:00:00,1,OIL FILTER JXO706A,SUB1008,SLT1000,UOM1000,UOM1000,1,,ITP1000,
ITM1144,OIL FILTER JXO707,,1,10,1,1,1,0,1/1/2017,12:00:00,1,1/1/2017,12:00:00,1,OIL FILTER JXO707,SUB1008,SLT1000,UOM1000,UOM1000,1,,ITP1000,
ITM1145,OIL FILTER LS923,,1,10,1,1,1,0,1/1/2017,12:00:00,1,1/1/2017,12:00:00,1,OIL FILTER LS923,SUB1008,SLT1000,UOM1000,UOM1000,1,,ITP1000,
ITM1146,OIL FILTER O1301,,1,10,1,1,1,0,1/1/2017,12:00:00,1,1/1/2017,12:00:00,1,OIL FILTER O1301,SUB1008,SLT1000,UOM1000,UOM1000,1,,ITP1000,
ITM1147,OIL FILTER O1502,,1,10,1,1,1,0,1/1/2017,12:00:00,1,1/1/2017,12:00:00,1,OIL FILTER O1502,SUB1008,SLT1000,UOM1000,UOM1000,1,,ITP1000,
ITM1148,OIL FILTER O306N,,1,10,1,1,1,0,1/1/2017,12:00:00,1,1/1/2017,12:00:00,1,OIL FILTER O306N,SUB1008,SLT1000,UOM1000,UOM1000,1,,ITP1000,
ITM1149,OIL FILTER O308N,,1,10,1,1,1,0,1/1/2017,12:00:00,1,1/1/2017,12:00:00,1,OIL FILTER O308N,SUB1008,SLT1000,UOM1000,UOM1000,1,,ITP1000,
ITM1150,OIL FILTER OC110 BENZ,,1,10,1,1,1,0,1/1/2017,12:00:00,1,1/1/2017,12:00:00,1,OIL FILTER OC110 BENZ,SUB1008,SLT1000,UOM1000,UOM1000,1,,ITP1000,
ITM1151,OIL FILTER OX123,,1,10,1,1,1,0,1/1/2017,12:00:00,1,1/1/2017,12:00:00,1,OIL FILTER OX123,SUB1008,SLT1000,UOM1000,UOM1000,1,,ITP1000,
ITM1152,OIL FILTER OX38D,,1,10,1,1,1,0,1/1/2017,12:00:00,1,1/1/2017,12:00:00,1,OIL FILTER OX38D,SUB1008,SLT1000,UOM1000,UOM1000,1,,ITP1000,
ITM1153,OIL FILTER PEUGEOT LS468,,1,10,1,1,1,0,1/1/2017,12:00:00,1,1/1/2017,12:00:00,1,OIL FILTER PEUGEOT LS468,SUB1008,SLT1000,UOM1000,UOM1000,1,,ITP1000,
ITM1154,OIL FILTER PEUGEOT MC2851,,1,10,1,1,1,0,1/1/2017,12:00:00,1,1/1/2017,12:00:00,1,OIL FILTER PEUGEOT MC2851,SUB1008,SLT1000,UOM1000,UOM1000,1,,ITP1000,
ITM1155,SUZUKI OIL FILTER,,1,10,1,1,1,0,1/1/2017,12:00:00,1,1/1/2017,12:00:00,1,SUZUKI OIL FILTER,SUB1008,SLT1000,UOM1000,UOM1000,1,,ITP1000,
ITM1156,SUZUKI OIL FILTER C931V,,1,10,1,1,1,0,1/1/2017,12:00:00,1,1/1/2017,12:00:00,1,SUZUKI OIL FILTER C931V,SUB1008,SLT1000,UOM1000,UOM1000,1,,ITP1000,
ITM1157,SUZUKI OIL FILTER C933V,,1,10,1,1,1,0,1/1/2017,12:00:00,1,1/1/2017,12:00:00,1,SUZUKI OIL FILTER C933V,SUB1008,SLT1000,UOM1000,UOM1000,1,,ITP1000,
ITM1158,TOYOTA OIL FILTER,,1,10,1,1,1,0,1/1/2017,12:00:00,1,1/1/2017,12:00:00,1,TOYOTA OIL FILTER,SUB1008,SLT1000,UOM1000,UOM1000,1,,ITP1000,
ITM1159,TOYOTA OIL FILTER 20003,,1,10,1,1,1,0,1/1/2017,12:00:00,1,1/1/2017,12:00:00,1,TOYOTA OIL FILTER 20003,SUB1008,SLT1000,UOM1000,UOM1000,1,,ITP1000,
ITM1160,TOYOTA OIL FILTER 30001,,1,10,1,1,1,0,1/1/2017,12:00:00,1,1/1/2017,12:00:00,1,TOYOTA OIL FILTER 30001,SUB1008,SLT1000,UOM1000,UOM1000,1,,ITP1000,
ITM1161,TOYOTA OIL FILTER 38020,,1,10,1,1,1,0,1/1/2017,12:00:00,1,1/1/2017,12:00:00,1,TOYOTA OIL FILTER 38020,SUB1008,SLT1000,UOM1000,UOM1000,1,,ITP1000,
ITM1162,TOYOTA OIL FILTER 41010,,1,10,1,1,1,0,1/1/2017,12:00:00,1,1/1/2017,12:00:00,1,TOYOTA OIL FILTER 41010,SUB1008,SLT1000,UOM1000,UOM1000,1,,ITP1000,
ITM1163,TOYOTA OIL FILTER C09V,,1,10,1,1,1,0,1/1/2017,12:00:00,1,1/1/2017,12:00:00,1,TOYOTA OIL FILTER C09V,SUB1008,SLT1000,UOM1000,UOM1000,1,,ITP1000,
ITM1164,TOYOTA OIL FILTER C101V,,1,10,1,1,1,0,1/1/2017,12:00:00,1,1/1/2017,12:00:00,1,TOYOTA OIL FILTER C101V,SUB1008,SLT1000,UOM1000,UOM1000,1,,ITP1000,
ITM1165,TOYOTA OIL FILTER C102V,,1,10,1,1,1,0,1/1/2017,12:00:00,1,1/1/2017,12:00:00,1,TOYOTA OIL FILTER C102V,SUB1008,SLT1000,UOM1000,UOM1000,1,,ITP1000,
ITM1166,TOYOTA OIL FILTER C103V,,1,10,1,1,1,0,1/1/2017,12:00:00,1,1/1/2017,12:00:00,1,TOYOTA OIL FILTER C103V,SUB1008,SLT1000,UOM1000,UOM1000,1,,ITP1000,
ITM1167,TOYOTA OIL FILTER C106V,,1,10,1,1,1,0,1/1/2017,12:00:00,1,1/1/2017,12:00:00,1,TOYOTA OIL FILTER C106V,SUB1008,SLT1000,UOM1000,UOM1000,1,,ITP1000,
ITM1168,TOYOTA OIL FILTER C110V,,1,10,1,1,1,0,1/1/2017,12:00:00,1,1/1/2017,12:00:00,1,TOYOTA OIL FILTER C110V,SUB1008,SLT1000,UOM1000,UOM1000,1,,ITP1000,
ITM1169,TOYOTA OIL FILTER C111V,,1,10,1,1,1,0,1/1/2017,12:00:00,1,1/1/2017,12:00:00,1,TOYOTA OIL FILTER C111V,SUB1008,SLT1000,UOM1000,UOM1000,1,,ITP1000,
ITM1170,TOYOTA OIL FILTER C112N,,1,10,1,1,1,0,1/1/2017,12:00:00,1,1/1/2017,12:00:00,1,TOYOTA OIL FILTER C112N,SUB1008,SLT1000,UOM1000,UOM1000,1,,ITP1000,
ITM1171,TOYOTA OIL FILTER C112V,,1,10,1,1,1,0,1/1/2017,12:00:00,1,1/1/2017,12:00:00,1,TOYOTA OIL FILTER C112V,SUB1008,SLT1000,UOM1000,UOM1000,1,,ITP1000,
ITM1172,TOYOTA OIL FILTER C113V,,1,10,1,1,1,0,1/1/2017,12:00:00,1,1/1/2017,12:00:00,1,TOYOTA OIL FILTER C113V,SUB1008,SLT1000,UOM1000,UOM1000,1,,ITP1000,
ITM1173,TOYOTA OIL FILTER C114V,,1,10,1,1,1,0,1/1/2017,12:00:00,1,1/1/2017,12:00:00,1,TOYOTA OIL FILTER C114V,SUB1008,SLT1000,UOM1000,UOM1000,1,,ITP1000,
ITM1174,TOYOTA OIL FILTER C115N,,1,10,1,1,1,0,1/1/2017,12:00:00,1,1/1/2017,12:00:00,1,TOYOTA OIL FILTER C115N,SUB1008,SLT1000,UOM1000,UOM1000,1,,ITP1000,
ITM1175,TOYOTA OIL FILTER C115V,,1,10,1,1,1,0,1/1/2017,12:00:00,1,1/1/2017,12:00:00,1,TOYOTA OIL FILTER C115V,SUB1008,SLT1000,UOM1000,UOM1000,1,,ITP1000,
ITM1176,TOYOTA OIL FILTER C116V,,1,10,1,1,1,0,1/1/2017,12:00:00,1,1/1/2017,12:00:00,1,TOYOTA OIL FILTER C116V,SUB1008,SLT1000,UOM1000,UOM1000,1,,ITP1000,
ITM1177,TOYOTA OIL FILTER O110V,,1,10,1,1,1,0,1/1/2017,12:00:00,1,1/1/2017,12:00:00,1,TOYOTA OIL FILTER O110V,SUB1008,SLT1000,UOM1000,UOM1000,1,,ITP1000,
ITM1178,TOYOTA OIL FILTER O116V,,1,10,1,1,1,0,1/1/2017,12:00:00,1,1/1/2017,12:00:00,1,TOYOTA OIL FILTER O116V,SUB1008,SLT1000,UOM1000,UOM1000,1,,ITP1000,
ITM1179,TOYOTA OIL FILTER O117V,,1,10,1,1,1,0,1/1/2017,12:00:00,1,1/1/2017,12:00:00,1,TOYOTA OIL FILTER O117V,SUB1008,SLT1000,UOM1000,UOM1000,1,,ITP1000,
ITM1180,TOYOTA OIL FILTER O119V,,1,10,1,1,1,0,1/1/2017,12:00:00,1,1/1/2017,12:00:00,1,TOYOTA OIL FILTER O119V,SUB1008,SLT1000,UOM1000,UOM1000,1,,ITP1000,
ITM1181,TOYOTA OIL FILTER O120V,,1,10,1,1,1,0,1/1/2017,12:00:00,1,1/1/2017,12:00:00,1,TOYOTA OIL FILTER O120V,SUB1008,SLT1000,UOM1000,UOM1000,1,,ITP1000,
ITM1182,TOYOTA OIL FILTER YZZB2,,1,10,1,1,1,0,1/1/2017,12:00:00,1,1/1/2017,12:00:00,1,TOYOTA OIL FILTER YZZB2,SUB1008,SLT1000,UOM1000,UOM1000,1,,ITP1000,
ITM1183,TOYOTA OIL FILTER YZZC2,,1,10,1,1,1,0,1/1/2017,12:00:00,1,1/1/2017,12:00:00,1,TOYOTA OIL FILTER YZZC2,SUB1008,SLT1000,UOM1000,UOM1000,1,,ITP1000,
ITM1184,TOYOTA OIL FILTER YZZC3,,1,10,1,1,1,0,1/1/2017,12:00:00,1,1/1/2017,12:00:00,1,TOYOTA OIL FILTER YZZC3,SUB1008,SLT1000,UOM1000,UOM1000,1,,ITP1000,
ITM1185,YUIL OIL FILTER,,1,10,1,1,1,0,1/1/2017,12:00:00,1,1/1/2017,12:00:00,1,YUIL OIL FILTER,SUB1008,SLT1000,UOM1000,UOM1000,1,,ITP1000,
ITM1186,BOSH F/F FC6205,,1,10,1,1,1,0,1/1/2017,12:00:00,1,1/1/2017,12:00:00,1,BOSH F/F FC6205,SUB1007,SLT1000,UOM1000,UOM1000,1,,ITP1000,
ITM1187,DAIHATSU FUEL FILTER FC707AV,,1,10,1,1,1,0,1/1/2017,12:00:00,1,1/1/2017,12:00:00,1,DAIHATSU FUEL FILTER FC707AV,SUB1007,SLT1000,UOM1000,UOM1000,1,,ITP1000,
ITM1188,DAIHATSU FUEL FILTER FC713V,,1,10,1,1,1,0,1/1/2017,12:00:00,1,1/1/2017,12:00:00,1,DAIHATSU FUEL FILTER FC713V,SUB1007,SLT1000,UOM1000,UOM1000,1,,ITP1000,
ITM1189,ELEMENT FUEL FILTER WO1190,,1,10,1,1,1,0,1/1/2017,12:00:00,1,1/1/2017,12:00:00,1,ELEMENT FUEL FILTER WO1190,SUB1007,SLT1000,UOM1000,UOM1000,1,,ITP1000,
ITM1190,ELEMENT FUEL FILTER WO1200,,1,10,1,1,1,0,1/1/2017,12:00:00,1,1/1/2017,12:00:00,1,ELEMENT FUEL FILTER WO1200,SUB1007,SLT1000,UOM1000,UOM1000,1,,ITP1000,
ITM1191,FUEL FILTER ATCO/FUDA/CXO708,,1,10,1,1,1,0,1/1/2017,12:00:00,1,1/1/2017,12:00:00,1,FUEL FILTER ATCO/FUDA/CXO708,SUB1007,SLT1000,UOM1000,UOM1000,1,,ITP1000,
ITM1192,FUEL FILTER EF1509,,1,10,1,1,1,0,1/1/2017,12:00:00,1,1/1/2017,12:00:00,1,FUEL FILTER EF1509,SUB1007,SLT1000,UOM1000,UOM1000,1,,ITP1000,
ITM1193,FUEL FILTER FC1002,,1,10,1,1,1,0,1/1/2017,12:00:00,1,1/1/2017,12:00:00,1,FUEL FILTER FC1002,SUB1007,SLT1000,UOM1000,UOM1000,1,,ITP1000,
ITM1194,FUEL FILTER FC1003,,1,10,1,1,1,0,1/1/2017,12:00:00,1,1/1/2017,12:00:00,1,FUEL FILTER FC1003,SUB1007,SLT1000,UOM1000,UOM1000,1,,ITP1000,
ITM1195,FUEL FILTER FC1018 ANIMAL CAB,,1,10,1,1,1,0,1/1/2017,12:00:00,1,1/1/2017,12:00:00,1,FUEL FILTER FC1018 ANIMAL CAB,SUB1007,SLT1000,UOM1000,UOM1000,1,,ITP1000,
ITM1196,FUEL FILTER FC226N,,1,10,1,1,1,0,1/1/2017,12:00:00,1,1/1/2017,12:00:00,1,FUEL FILTER FC226N,SUB1007,SLT1000,UOM1000,UOM1000,1,,ITP1000,
ITM1197,FUEL FILTER FS1705,,1,10,1,1,1,0,1/1/2017,12:00:00,1,1/1/2017,12:00:00,1,FUEL FILTER FS1705,SUB1007,SLT1000,UOM1000,UOM1000,1,,ITP1000,
ITM1198,FUEL FILTER FS8903,,1,10,1,1,1,0,1/1/2017,12:00:00,1,1/1/2017,12:00:00,1,FUEL FILTER FS8903,SUB1007,SLT1000,UOM1000,UOM1000,1,,ITP1000,
ITM1199,FUEL FILTER JAC/FOTON/ CXO,,1,10,1,1,1,0,1/1/2017,12:00:00,1,1/1/2017,12:00:00,1,FUEL FILTER JAC/FOTON/ CXO,SUB1007,SLT1000,UOM1000,UOM1000,1,,ITP1000,
ITM1200,FUEL FILTER KC22,,1,10,1,1,1,0,1/1/2017,12:00:00,1,1/1/2017,12:00:00,1,FUEL FILTER KC22,SUB1007,SLT1000,UOM1000,UOM1000,1,,ITP1000,
ITM1201,FUEL FILTER KC63ID,,1,10,1,1,1,0,1/1/2017,12:00:00,1,1/1/2017,12:00:00,1,FUEL FILTER KC63ID,SUB1007,SLT1000,UOM1000,UOM1000,1,,ITP1000,
ITM1202,HINO FUEL FILTER FC607V,,1,10,1,1,1,0,1/1/2017,12:00:00,1,1/1/2017,12:00:00,1,HINO FUEL FILTER FC607V,SUB1007,SLT1000,UOM1000,UOM1000,1,,ITP1000,
ITM1203,HONDA FUEL FILTER FC805V,,1,10,1,1,1,0,1/1/2017,12:00:00,1,1/1/2017,12:00:00,1,HONDA FUEL FILTER FC805V,SUB1007,SLT1000,UOM1000,UOM1000,1,,ITP1000,
ITM1204,HONDA FUEL FILTER FC818V,,1,10,1,1,1,0,1/1/2017,12:00:00,1,1/1/2017,12:00:00,1,HONDA FUEL FILTER FC818V,SUB1007,SLT1000,UOM1000,UOM1000,1,,ITP1000,
ITM1205,HONDA FUEL FILTER FC819V,,1,10,1,1,1,0,1/1/2017,12:00:00,1,1/1/2017,12:00:00,1,HONDA FUEL FILTER FC819V,SUB1007,SLT1000,UOM1000,UOM1000,1,,ITP1000,
ITM1206,IN-LINE FUEL FILTER FS-18310,,1,10,1,1,1,0,1/1/2017,12:00:00,1,1/1/2017,12:00:00,1,IN-LINE FUEL FILTER FS-18310,SUB1007,SLT1000,UOM1000,UOM1000,1,,ITP1000,
ITM1207,ISUZU FUEL FILTER F503V,,1,10,1,1,1,0,1/1/2017,12:00:00,1,1/1/2017,12:00:00,1,ISUZU FUEL FILTER F503V,SUB1007,SLT1000,UOM1000,UOM1000,1,,ITP1000,
ITM1208,ISUZU FUEL FILTER F505V,,1,10,1,1,1,0,1/1/2017,12:00:00,1,1/1/2017,12:00:00,1,ISUZU FUEL FILTER F505V,SUB1007,SLT1000,UOM1000,UOM1000,1,,ITP1000,
ITM1209,ISUZU FUEL FILTER FC 510V,,1,10,1,1,1,0,1/1/2017,12:00:00,1,1/1/2017,12:00:00,1,ISUZU FUEL FILTER FC 510V,SUB1007,SLT1000,UOM1000,UOM1000,1,,ITP1000,
ITM1210,ISUZU FUEL FILTER FC208AV,,1,10,1,1,1,0,1/1/2017,12:00:00,1,1/1/2017,12:00:00,1,ISUZU FUEL FILTER FC208AV,SUB1007,SLT1000,UOM1000,UOM1000,1,,ITP1000,
ITM1211,ISUZU FUEL FILTER FC511V,,1,10,1,1,1,0,1/1/2017,12:00:00,1,1/1/2017,12:00:00,1,ISUZU FUEL FILTER FC511V,SUB1007,SLT1000,UOM1000,UOM1000,1,,ITP1000,
ITM1212,MAZDA FUEL FILTER FC406V,,1,10,1,1,1,0,1/1/2017,12:00:00,1,1/1/2017,12:00:00,1,MAZDA FUEL FILTER FC406V,SUB1007,SLT1000,UOM1000,UOM1000,1,,ITP1000,
ITM1213,MAZDA FUEL FILTER FC408V,,1,10,1,1,1,0,1/1/2017,12:00:00,1,1/1/2017,12:00:00,1,MAZDA FUEL FILTER FC408V,SUB1007,SLT1000,UOM1000,UOM1000,1,,ITP1000,
ITM1214,MAZDA FUEL FILTER FC409V,,1,10,1,1,1,0,1/1/2017,12:00:00,1,1/1/2017,12:00:00,1,MAZDA FUEL FILTER FC409V,SUB1007,SLT1000,UOM1000,UOM1000,1,,ITP1000,
ITM1215,MAZDA FUEL FILTER FC410V,,1,10,1,1,1,0,1/1/2017,12:00:00,1,1/1/2017,12:00:00,1,MAZDA FUEL FILTER FC410V,SUB1007,SLT1000,UOM1000,UOM1000,1,,ITP1000,
ITM1216,MITSUBISHI FUEL FILTER F308V,,1,10,1,1,1,0,1/1/2017,12:00:00,1,1/1/2017,12:00:00,1,MITSUBISHI FUEL FILTER F308V,SUB1007,SLT1000,UOM1000,UOM1000,1,,ITP1000,
ITM1217,MITSUBISHI FUEL FILTER F315V,,1,10,1,1,1,0,1/1/2017,12:00:00,1,1/1/2017,12:00:00,1,MITSUBISHI FUEL FILTER F315V,SUB1007,SLT1000,UOM1000,UOM1000,1,,ITP1000,
ITM1218,MITSUBISHI FUEL FILTER FC317V,,1,10,1,1,1,0,1/1/2017,12:00:00,1,1/1/2017,12:00:00,1,MITSUBISHI FUEL FILTER FC317V,SUB1007,SLT1000,UOM1000,UOM1000,1,,ITP1000,
ITM1219,MITSUBISHI FUEL FILTER FC318V,,1,10,1,1,1,0,1/1/2017,12:00:00,1,1/1/2017,12:00:00,1,MITSUBISHI FUEL FILTER FC318V,SUB1007,SLT1000,UOM1000,UOM1000,1,,ITP1000,
ITM1220,MITSUBISHI FUEL FILTER FC319V,,1,10,1,1,1,0,1/1/2017,12:00:00,1,1/1/2017,12:00:00,1,MITSUBISHI FUEL FILTER FC319V,SUB1007,SLT1000,UOM1000,UOM1000,1,,ITP1000,
ITM1221,MITSUBISHI FUEL FILTER FC321V,,1,10,1,1,1,0,1/1/2017,12:00:00,1,1/1/2017,12:00:00,1,MITSUBISHI FUEL FILTER FC321V,SUB1007,SLT1000,UOM1000,UOM1000,1,,ITP1000,
ITM1222,MITSUBISHI FUEL FILTER FC322V,,1,10,1,1,1,0,1/1/2017,12:00:00,1,1/1/2017,12:00:00,1,MITSUBISHI FUEL FILTER FC322V,SUB1007,SLT1000,UOM1000,UOM1000,1,,ITP1000,
ITM1223,MITSUBISHI FUEL FILTER FC326V,,1,10,1,1,1,0,1/1/2017,12:00:00,1,1/1/2017,12:00:00,1,MITSUBISHI FUEL FILTER FC326V,SUB1007,SLT1000,UOM1000,UOM1000,1,,ITP1000,
ITM1224,MITSUBISHI FUEL FILTER FC328V,,1,10,1,1,1,0,1/1/2017,12:00:00,1,1/1/2017,12:00:00,1,MITSUBISHI FUEL FILTER FC328V,SUB1007,SLT1000,UOM1000,UOM1000,1,,ITP1000,
ITM1225,MITSUBISHI FUEL FILTER FC332V,,1,10,1,1,1,0,1/1/2017,12:00:00,1,1/1/2017,12:00:00,1,MITSUBISHI FUEL FILTER FC332V,SUB1007,SLT1000,UOM1000,UOM1000,1,,ITP1000,
ITM1226,MITSUBISHI FUEL FILTER FC334V,,1,10,1,1,1,0,1/1/2017,12:00:00,1,1/1/2017,12:00:00,1,MITSUBISHI FUEL FILTER FC334V,SUB1007,SLT1000,UOM1000,UOM1000,1,,ITP1000,
ITM1227,SUZUKI FUEL FILTER FC934V,,1,10,1,1,1,0,1/1/2017,12:00:00,1,1/1/2017,12:00:00,1,SUZUKI FUEL FILTER FC934V,SUB1007,SLT1000,UOM1000,UOM1000,1,,ITP1000,
ITM1228,SUZUKI FUEL FILTER FC945V,,1,10,1,1,1,0,1/1/2017,12:00:00,1,1/1/2017,12:00:00,1,SUZUKI FUEL FILTER FC945V,SUB1007,SLT1000,UOM1000,UOM1000,1,,ITP1000,
ITM1229,TATA DIESEL FILTER,,1,10,1,1,1,0,1/1/2017,12:00:00,1,1/1/2017,12:00:00,1,TATA DIESEL FILTER,SUB1007,SLT1000,UOM1000,UOM1000,1,,ITP1000,
ITM1230,TOYOTA FUEL FILTER 0L010,,1,10,1,1,1,0,1/1/2017,12:00:00,1,1/1/2017,12:00:00,1,TOYOTA FUEL FILTER 0L010,SUB1007,SLT1000,UOM1000,UOM1000,1,,ITP1000,
ITM1231,TOYOTA FUEL FILTER 0L041,,1,10,1,1,1,0,1/1/2017,12:00:00,1,1/1/2017,12:00:00,1,TOYOTA FUEL FILTER 0L041,SUB1007,SLT1000,UOM1000,UOM1000,1,,ITP1000,
ITM1232,TOYOTA FUEL FILTER 64480,,1,10,1,1,1,0,1/1/2017,12:00:00,1,1/1/2017,12:00:00,1,TOYOTA FUEL FILTER 64480,SUB1007,SLT1000,UOM1000,UOM1000,1,,ITP1000,
ITM1233,TOYOTA FUEL FILTER F193V,,1,10,1,1,1,0,1/1/2017,12:00:00,1,1/1/2017,12:00:00,1,TOYOTA FUEL FILTER F193V,SUB1007,SLT1000,UOM1000,UOM1000,1,,ITP1000,
ITM1234,TOYOTA FUEL FILTER F194V,,1,10,1,1,1,0,1/1/2017,12:00:00,1,1/1/2017,12:00:00,1,TOYOTA FUEL FILTER F194V,SUB1007,SLT1000,UOM1000,UOM1000,1,,ITP1000,
ITM1235,TOYOTA FUEL FILTER FC109V,,1,10,1,1,1,0,1/1/2017,12:00:00,1,1/1/2017,12:00:00,1,TOYOTA FUEL FILTER FC109V,SUB1007,SLT1000,UOM1000,UOM1000,1,,ITP1000,
ITM1236,TOYOTA FUEL FILTER FC129V,,1,10,1,1,1,0,1/1/2017,12:00:00,1,1/1/2017,12:00:00,1,TOYOTA FUEL FILTER FC129V,SUB1007,SLT1000,UOM1000,UOM1000,1,,ITP1000,
ITM1237,TOYOTA FUEL FILTER FC130V,,1,10,1,1,1,0,1/1/2017,12:00:00,1,1/1/2017,12:00:00,1,TOYOTA FUEL FILTER FC130V,SUB1007,SLT1000,UOM1000,UOM1000,1,,ITP1000,
ITM1238,TOYOTA FUEL FILTER FC146V,,1,10,1,1,1,0,1/1/2017,12:00:00,1,1/1/2017,12:00:00,1,TOYOTA FUEL FILTER FC146V,SUB1007,SLT1000,UOM1000,UOM1000,1,,ITP1000,
ITM1239,TOYOTA FUEL FILTER FC147V,,1,10,1,1,1,0,1/1/2017,12:00:00,1,1/1/2017,12:00:00,1,TOYOTA FUEL FILTER FC147V,SUB1007,SLT1000,UOM1000,UOM1000,1,,ITP1000,
ITM1240,TOYOTA FUEL FILTER FC174V,,1,10,1,1,1,0,1/1/2017,12:00:00,1,1/1/2017,12:00:00,1,TOYOTA FUEL FILTER FC174V,SUB1007,SLT1000,UOM1000,UOM1000,1,,ITP1000,
ITM1241,TOYOTA FUEL FILTER FC175V,,1,10,1,1,1,0,1/1/2017,12:00:00,1,1/1/2017,12:00:00,1,TOYOTA FUEL FILTER FC175V,SUB1007,SLT1000,UOM1000,UOM1000,1,,ITP1000,
ITM1242,TOYOTA FUEL FILTER FC183V,,1,10,1,1,1,0,1/1/2017,12:00:00,1,1/1/2017,12:00:00,1,TOYOTA FUEL FILTER FC183V,SUB1007,SLT1000,UOM1000,UOM1000,1,,ITP1000,
ITM1243,TOYOTA FUEL FILTER FC184V,,1,10,1,1,1,0,1/1/2017,12:00:00,1,1/1/2017,12:00:00,1,TOYOTA FUEL FILTER FC184V,SUB1007,SLT1000,UOM1000,UOM1000,1,,ITP1000,
ITM1244,TOYOTA FUEL FILTERFC158V,,1,10,1,1,1,0,1/1/2017,12:00:00,1,1/1/2017,12:00:00,1,TOYOTA FUEL FILTERFC158V,SUB1007,SLT1000,UOM1000,UOM1000,1,,ITP1000,
ITM1245,AIR FILTER 059,,1,10,1,1,1,0,1/1/2017,12:00:00,1,1/1/2017,12:00:00,1,AIR FILTER 059,SUB1006,SLT1000,UOM1000,UOM1000,1,,ITP1000,
ITM1246,AIR FILTER A041,,1,10,1,1,1,0,1/1/2017,12:00:00,1,1/1/2017,12:00:00,1,AIR FILTER A041,SUB1006,SLT1000,UOM1000,UOM1000,1,,ITP1000,
ITM1247,AIR FILTER A1003N,,1,10,1,1,1,0,1/1/2017,12:00:00,1,1/1/2017,12:00:00,1,AIR FILTER A1003N,SUB1006,SLT1000,UOM1000,UOM1000,1,,ITP1000,
ITM1248,AIR FILTER A1016,,1,10,1,1,1,0,1/1/2017,12:00:00,1,1/1/2017,12:00:00,1,AIR FILTER A1016,SUB1006,SLT1000,UOM1000,UOM1000,1,,ITP1000,
ITM1249,AIR FILTER A10321,,1,10,1,1,1,0,1/1/2017,12:00:00,1,1/1/2017,12:00:00,1,AIR FILTER A10321,SUB1006,SLT1000,UOM1000,UOM1000,1,,ITP1000,
ITM1250,AIR FILTER A1039,,1,10,1,1,1,0,1/1/2017,12:00:00,1,1/1/2017,12:00:00,1,AIR FILTER A1039,SUB1006,SLT1000,UOM1000,UOM1000,1,,ITP1000,
ITM1251,AIR FILTER A1043,,1,10,1,1,1,0,1/1/2017,12:00:00,1,1/1/2017,12:00:00,1,AIR FILTER A1043,SUB1006,SLT1000,UOM1000,UOM1000,1,,ITP1000,
ITM1252,AIR FILTER A1106,,1,10,1,1,1,0,1/1/2017,12:00:00,1,1/1/2017,12:00:00,1,AIR FILTER A1106,SUB1006,SLT1000,UOM1000,UOM1000,1,,ITP1000,
ITM1253,AIR FILTER A1117,,1,10,1,1,1,0,1/1/2017,12:00:00,1,1/1/2017,12:00:00,1,AIR FILTER A1117,SUB1006,SLT1000,UOM1000,UOM1000,1,,ITP1000,
ITM1254,AIR FILTER A1119,,1,10,1,1,1,0,1/1/2017,12:00:00,1,1/1/2017,12:00:00,1,AIR FILTER A1119,SUB1006,SLT1000,UOM1000,UOM1000,1,,ITP1000,
ITM1255,AIR FILTER A1148,,1,10,1,1,1,0,1/1/2017,12:00:00,1,1/1/2017,12:00:00,1,AIR FILTER A1148,SUB1006,SLT1000,UOM1000,UOM1000,1,,ITP1000,
ITM1256,AIR FILTER A1153,,1,10,1,1,1,0,1/1/2017,12:00:00,1,1/1/2017,12:00:00,1,AIR FILTER A1153,SUB1006,SLT1000,UOM1000,UOM1000,1,,ITP1000,
ITM1257,AIR FILTER A1165,,1,10,1,1,1,0,1/1/2017,12:00:00,1,1/1/2017,12:00:00,1,AIR FILTER A1165,SUB1006,SLT1000,UOM1000,UOM1000,1,,ITP1000,
ITM1258,AIR FILTER A1167,,1,10,1,1,1,0,1/1/2017,12:00:00,1,1/1/2017,12:00:00,1,AIR FILTER A1167,SUB1006,SLT1000,UOM1000,UOM1000,1,,ITP1000,
ITM1259,AIR FILTER A1169,,1,10,1,1,1,0,1/1/2017,12:00:00,1,1/1/2017,12:00:00,1,AIR FILTER A1169,SUB1006,SLT1000,UOM1000,UOM1000,1,,ITP1000,
ITM1260,AIR FILTER A1178,,1,10,1,1,1,0,1/1/2017,12:00:00,1,1/1/2017,12:00:00,1,AIR FILTER A1178,SUB1006,SLT1000,UOM1000,UOM1000,1,,ITP1000,
ITM1261,AIR FILTER A1181,,1,10,1,1,1,0,1/1/2017,12:00:00,1,1/1/2017,12:00:00,1,AIR FILTER A1181,SUB1006,SLT1000,UOM1000,UOM1000,1,,ITP1000,
ITM1262,AIR FILTER A1419,,1,10,1,1,1,0,1/1/2017,12:00:00,1,1/1/2017,12:00:00,1,AIR FILTER A1419,SUB1006,SLT1000,UOM1000,UOM1000,1,,ITP1000,
ITM1263,AIR FILTER A1426,,1,10,1,1,1,0,1/1/2017,12:00:00,1,1/1/2017,12:00:00,1,AIR FILTER A1426,SUB1006,SLT1000,UOM1000,UOM1000,1,,ITP1000,
ITM1264,AIR FILTER A144701,,1,10,1,1,1,0,1/1/2017,12:00:00,1,1/1/2017,12:00:00,1,AIR FILTER A144701,SUB1006,SLT1000,UOM1000,UOM1000,1,,ITP1000,
ITM1265,AIR FILTER A1505,,1,10,1,1,1,0,1/1/2017,12:00:00,1,1/1/2017,12:00:00,1,AIR FILTER A1505,SUB1006,SLT1000,UOM1000,UOM1000,1,,ITP1000,
ITM1266,AIR FILTER A1510,,1,10,1,1,1,0,1/1/2017,12:00:00,1,1/1/2017,12:00:00,1,AIR FILTER A1510,SUB1006,SLT1000,UOM1000,UOM1000,1,,ITP1000,
ITM1267,AIR FILTER A1516,,1,10,1,1,1,0,1/1/2017,12:00:00,1,1/1/2017,12:00:00,1,AIR FILTER A1516,SUB1006,SLT1000,UOM1000,UOM1000,1,,ITP1000,
ITM1268,AIR FILTER A1517,,1,10,1,1,1,0,1/1/2017,12:00:00,1,1/1/2017,12:00:00,1,AIR FILTER A1517,SUB1006,SLT1000,UOM1000,UOM1000,1,,ITP1000,
ITM1269,AIR FILTER A161N,,1,10,1,1,1,0,1/1/2017,12:00:00,1,1/1/2017,12:00:00,1,AIR FILTER A161N,SUB1006,SLT1000,UOM1000,UOM1000,1,,ITP1000,
ITM1270,AIR FILTER A1801,,1,10,1,1,1,0,1/1/2017,12:00:00,1,1/1/2017,12:00:00,1,AIR FILTER A1801,SUB1006,SLT1000,UOM1000,UOM1000,1,,ITP1000,
ITM1271,AIR FILTER A1831,,1,10,1,1,1,0,1/1/2017,12:00:00,1,1/1/2017,12:00:00,1,AIR FILTER A1831,SUB1006,SLT1000,UOM1000,UOM1000,1,,ITP1000,
ITM1272,AIR FILTER A1875,,1,10,1,1,1,0,1/1/2017,12:00:00,1,1/1/2017,12:00:00,1,AIR FILTER A1875,SUB1006,SLT1000,UOM1000,UOM1000,1,,ITP1000,
ITM1273,AIR FILTER A1880,,1,10,1,1,1,0,1/1/2017,12:00:00,1,1/1/2017,12:00:00,1,AIR FILTER A1880,SUB1006,SLT1000,UOM1000,UOM1000,1,,ITP1000,
ITM1274,AIR FILTER A1948,,1,10,1,1,1,0,1/1/2017,12:00:00,1,1/1/2017,12:00:00,1,AIR FILTER A1948,SUB1006,SLT1000,UOM1000,UOM1000,1,,ITP1000,
ITM1275,AIR FILTER A1952,,1,10,1,1,1,0,1/1/2017,12:00:00,1,1/1/2017,12:00:00,1,AIR FILTER A1952,SUB1006,SLT1000,UOM1000,UOM1000,1,,ITP1000,
ITM1276,AIR FILTER A2816,,1,10,1,1,1,0,1/1/2017,12:00:00,1,1/1/2017,12:00:00,1,AIR FILTER A2816,SUB1006,SLT1000,UOM1000,UOM1000,1,,ITP1000,
ITM1277,AIR FILTER A2817,,1,10,1,1,1,0,1/1/2017,12:00:00,1,1/1/2017,12:00:00,1,AIR FILTER A2817,SUB1006,SLT1000,UOM1000,UOM1000,1,,ITP1000,
ITM1278,AIR FILTER A2924,,1,10,1,1,1,0,1/1/2017,12:00:00,1,1/1/2017,12:00:00,1,AIR FILTER A2924,SUB1006,SLT1000,UOM1000,UOM1000,1,,ITP1000,
ITM1279,AIR FILTER A2932,,1,10,1,1,1,0,1/1/2017,12:00:00,1,1/1/2017,12:00:00,1,AIR FILTER A2932,SUB1006,SLT1000,UOM1000,UOM1000,1,,ITP1000,
ITM1280,AIR FILTER A2936,,1,10,1,1,1,0,1/1/2017,12:00:00,1,1/1/2017,12:00:00,1,AIR FILTER A2936,SUB1006,SLT1000,UOM1000,UOM1000,1,,ITP1000,
ITM1281,AIR FILTER A3026VV,,1,10,1,1,1,0,1/1/2017,12:00:00,1,1/1/2017,12:00:00,1,AIR FILTER A3026VV,SUB1006,SLT1000,UOM1000,UOM1000,1,,ITP1000,
ITM1282,AIR FILTER A3312,,1,10,1,1,1,0,1/1/2017,12:00:00,1,1/1/2017,12:00:00,1,AIR FILTER A3312,SUB1006,SLT1000,UOM1000,UOM1000,1,,ITP1000,
ITM1283,AIR FILTER A5903,,1,10,1,1,1,0,1/1/2017,12:00:00,1,1/1/2017,12:00:00,1,AIR FILTER A5903,SUB1006,SLT1000,UOM1000,UOM1000,1,,ITP1000,
ITM1284,AIR FILTER A744N,,1,10,1,1,1,0,1/1/2017,12:00:00,1,1/1/2017,12:00:00,1,AIR FILTER A744N,SUB1006,SLT1000,UOM1000,UOM1000,1,,ITP1000,
ITM1285,AIR FILTER AS 1014,,1,10,1,1,1,0,1/1/2017,12:00:00,1,1/1/2017,12:00:00,1,AIR FILTER AS 1014,SUB1006,SLT1000,UOM1000,UOM1000,1,,ITP1000,
ITM1286,AIR FILTER AS 1031,,1,10,1,1,1,0,1/1/2017,12:00:00,1,1/1/2017,12:00:00,1,AIR FILTER AS 1031,SUB1006,SLT1000,UOM1000,UOM1000,1,,ITP1000,
ITM1287,AIR FILTER AS 1708,,1,10,1,1,1,0,1/1/2017,12:00:00,1,1/1/2017,12:00:00,1,AIR FILTER AS 1708,SUB1006,SLT1000,UOM1000,UOM1000,1,,ITP1000,
ITM1288,AIR FILTER HONDA 17220,,1,10,1,1,1,0,1/1/2017,12:00:00,1,1/1/2017,12:00:00,1,AIR FILTER HONDA 17220,SUB1006,SLT1000,UOM1000,UOM1000,1,,ITP1000,
ITM1289,AIR FILTER HONDA 17220-RBJ-000,,1,10,1,1,1,0,1/1/2017,12:00:00,1,1/1/2017,12:00:00,1,AIR FILTER HONDA 17220-RBJ-000,SUB1006,SLT1000,UOM1000,UOM1000,1,,ITP1000,
ITM1290,AIR FILTER KIA SORENTO IPA K045,,1,10,1,1,1,0,1/1/2017,12:00:00,1,1/1/2017,12:00:00,1,AIR FILTER KIA SORENTO IPA K045,SUB1006,SLT1000,UOM1000,UOM1000,1,,ITP1000,
ITM1291,AIR FILTER KYA001,,1,10,1,1,1,0,1/1/2017,12:00:00,1,1/1/2017,12:00:00,1,AIR FILTER KIA 001,SUB1006,SLT1000,UOM1000,UOM1000,1,,ITP1000,
ITM1292,AIR FILTER MAHINDRA,,1,10,1,1,1,0,1/1/2017,12:00:00,1,1/1/2017,12:00:00,1,AIR FILTER MAHINDRA,SUB1006,SLT1000,UOM1000,UOM1000,1,,ITP1000,
ITM1293,AIR FILTER MICRO PANDA,,1,10,1,1,1,0,1/1/2017,12:00:00,1,1/1/2017,12:00:00,1,AIR FILTER MICRO PANDA,SUB1006,SLT1000,UOM1000,UOM1000,1,,ITP1000,
ITM1294,AIR FILTER SAKURA,,1,10,1,1,1,0,1/1/2017,12:00:00,1,1/1/2017,12:00:00,1,AIR FILTER SAKURA,SUB1006,SLT1000,UOM1000,UOM1000,1,,ITP1000,
ITM1295,AIR FILTER TOYOTA,,1,10,1,1,1,0,1/1/2017,12:00:00,1,1/1/2017,12:00:00,1,AIR FILTER TOYOTA,SUB1006,SLT1000,UOM1000,UOM1000,1,,ITP1000,
ITM1296,AIR FILTER VIC A750V,,1,10,1,1,1,0,1/1/2017,12:00:00,1,1/1/2017,12:00:00,1,AIR FILTER VIC A750V,SUB1006,SLT1000,UOM1000,UOM1000,1,,ITP1000,
ITM1297,AIR FILTER YA 027,,1,10,1,1,1,0,1/1/2017,12:00:00,1,1/1/2017,12:00:00,1,AIR FILTER YA027,SUB1006,SLT1000,UOM1000,UOM1000,1,,ITP1000,
ITM1298,AIR FILTER YA008,,1,10,1,1,1,0,1/1/2017,12:00:00,1,1/1/2017,12:00:00,1,AIR FILTER YA008,SUB1006,SLT1000,UOM1000,UOM1000,1,,ITP1000,
ITM1299,AIR FILTER YA013,,1,10,1,1,1,0,1/1/2017,12:00:00,1,1/1/2017,12:00:00,1,AIR FILTER YA013,SUB1006,SLT1000,UOM1000,UOM1000,1,,ITP1000,
ITM1300,AIR FILTER YA3004,,1,10,1,1,1,0,1/1/2017,12:00:00,1,1/1/2017,12:00:00,1,AIR FILTER YA3004,SUB1006,SLT1000,UOM1000,UOM1000,1,,ITP1000,
ITM1301,AIR FILTER YAH 152,,1,10,1,1,1,0,1/1/2017,12:00:00,1,1/1/2017,12:00:00,1,AIR FILTER YAH 152,SUB1006,SLT1000,UOM1000,UOM1000,1,,ITP1000,
ITM1302,AIR FILTER YAO19,,1,10,1,1,1,0,1/1/2017,12:00:00,1,1/1/2017,12:00:00,1,AIR FILTER YAO19,SUB1006,SLT1000,UOM1000,UOM1000,1,,ITP1000,
ITM1303,AIR FILTERS,,1,10,1,1,1,0,1/1/2017,12:00:00,1,1/1/2017,12:00:00,1,AIR FILTERS,SUB1006,SLT1000,UOM1000,UOM1000,1,,ITP1000,
ITM1304,CABIN AIR FILTER  CAC-1006,,1,10,1,1,1,0,1/1/2017,12:00:00,1,1/1/2017,12:00:00,1,CABIN AIR FILTER  CAC-1006,SUB1006,SLT1000,UOM1000,UOM1000,1,,ITP1000,
ITM1305,CHVRY AIR FILTER,,1,10,1,1,1,0,1/1/2017,12:00:00,1,1/1/2017,12:00:00,1,CHVRY AIR FILTER,SUB1006,SLT1000,UOM1000,UOM1000,1,,ITP1000,
ITM1306,DAIHATSU AIR FILTER  A734V,,1,10,1,1,1,0,1/1/2017,12:00:00,1,1/1/2017,12:00:00,1,DAIHATSU AIR FILTER  A734V,SUB1006,SLT1000,UOM1000,UOM1000,1,,ITP1000,
ITM1307,DAIHATSU AIR FILTER A726V,,1,10,1,1,1,0,1/1/2017,12:00:00,1,1/1/2017,12:00:00,1,DAIHATSU AIR FILTER A726V,SUB1006,SLT1000,UOM1000,UOM1000,1,,ITP1000,
ITM1308,DAIHATSU AIR FILTER A729V,,1,10,1,1,1,0,1/1/2017,12:00:00,1,1/1/2017,12:00:00,1,DAIHATSU AIR FILTER A729V,SUB1006,SLT1000,UOM1000,UOM1000,1,,ITP1000,
ITM1309,DAIHATSU AIR FILTER A736V,,1,10,1,1,1,0,1/1/2017,12:00:00,1,1/1/2017,12:00:00,1,DAIHATSU AIR FILTER A736V,SUB1006,SLT1000,UOM1000,UOM1000,1,,ITP1000,
ITM1310,DAIHATSU AIR FILTER A740V,,1,10,1,1,1,0,1/1/2017,12:00:00,1,1/1/2017,12:00:00,1,DAIHATSU AIR FILTER A740V,SUB1006,SLT1000,UOM1000,UOM1000,1,,ITP1000,
ITM1311,DAIHATSU AIR FILTER A742V,,1,10,1,1,1,0,1/1/2017,12:00:00,1,1/1/2017,12:00:00,1,DAIHATSU AIR FILTER A742V,SUB1006,SLT1000,UOM1000,UOM1000,1,,ITP1000,
ITM1312,FORD A/F A1901-1,,1,10,1,1,1,0,1/1/2017,12:00:00,1,1/1/2017,12:00:00,1,FORD A/F A1901-1,SUB1006,SLT1000,UOM1000,UOM1000,1,,ITP1000,
ITM1313,HONDA AIR FILTER A819V,,1,10,1,1,1,0,1/1/2017,12:00:00,1,1/1/2017,12:00:00,1,HONDA AIR FILTER A819V,SUB1006,SLT1000,UOM1000,UOM1000,1,,ITP1000,
ITM1314,HONDA AIR FILTER A850V,,1,10,1,1,1,0,1/1/2017,12:00:00,1,1/1/2017,12:00:00,1,HONDA AIR FILTER A850V,SUB1006,SLT1000,UOM1000,UOM1000,1,,ITP1000,
ITM1315,HONDA AIR FILTER A859V,,1,10,1,1,1,0,1/1/2017,12:00:00,1,1/1/2017,12:00:00,1,HONDA AIR FILTER A859V,SUB1006,SLT1000,UOM1000,UOM1000,1,,ITP1000,
ITM1316,HONDA AIR FILTER A863V,,1,10,1,1,1,0,1/1/2017,12:00:00,1,1/1/2017,12:00:00,1,HONDA AIR FILTER A863V,SUB1006,SLT1000,UOM1000,UOM1000,1,,ITP1000,
ITM1317,HONDA AIR FILTER A868V,,1,10,1,1,1,0,1/1/2017,12:00:00,1,1/1/2017,12:00:00,1,HONDA AIR FILTER A868V,SUB1006,SLT1000,UOM1000,UOM1000,1,,ITP1000,
ITM1318,HONDA AIR FILTER A874V,,1,10,1,1,1,0,1/1/2017,12:00:00,1,1/1/2017,12:00:00,1,HONDA AIR FILTER A874V,SUB1006,SLT1000,UOM1000,UOM1000,1,,ITP1000,
ITM1319,HONDA AIR FILTER A889V,,1,10,1,1,1,0,1/1/2017,12:00:00,1,1/1/2017,12:00:00,1,HONDA AIR FILTER A889V,SUB1006,SLT1000,UOM1000,UOM1000,1,,ITP1000,
ITM1320,HONDA AIR FILTER A892V,,1,10,1,1,1,0,1/1/2017,12:00:00,1,1/1/2017,12:00:00,1,HONDA AIR FILTER A892V,SUB1006,SLT1000,UOM1000,UOM1000,1,,ITP1000,
ITM1321,HONDA AIR FILTER A893V,,1,10,1,1,1,0,1/1/2017,12:00:00,1,1/1/2017,12:00:00,1,HONDA AIR FILTER A893V,SUB1006,SLT1000,UOM1000,UOM1000,1,,ITP1000,
ITM1322,HONDA AIR FILTER A89811V,,1,10,1,1,1,0,1/1/2017,12:00:00,1,1/1/2017,12:00:00,1,HONDA AIR FILTER A89811V,SUB1006,SLT1000,UOM1000,UOM1000,1,,ITP1000,
ITM1323,ISUZU AIR FILTER A503V,,1,10,1,1,1,0,1/1/2017,12:00:00,1,1/1/2017,12:00:00,1,ISUZU AIR FILTER A503V,SUB1006,SLT1000,UOM1000,UOM1000,1,,ITP1000,
ITM1324,ISUZU AIR FILTER A521V,,1,10,1,1,1,0,1/1/2017,12:00:00,1,1/1/2017,12:00:00,1,ISUZU AIR FILTER A521V,SUB1006,SLT1000,UOM1000,UOM1000,1,,ITP1000,
ITM1325,ISUZU AIR FILTER A522V,,1,10,1,1,1,0,1/1/2017,12:00:00,1,1/1/2017,12:00:00,1,ISUZU AIR FILTER A522V,SUB1006,SLT1000,UOM1000,UOM1000,1,,ITP1000,
ITM1326,LAND ROVER DISCOVERY TD55/2.5L A/F A8688,,1,10,1,1,1,0,1/1/2017,12:00:00,1,1/1/2017,12:00:00,1,LAND ROVER DISCOVERY TD55/2.5L A/F A8688,SUB1006,SLT1000,UOM1000,UOM1000,1,,ITP1000,
ITM1327,LAND ROVER/DISCOVERY/RANGE ROVER A/F A4901,,1,10,1,1,1,0,1/1/2017,12:00:00,1,1/1/2017,12:00:00,1,LAND ROVER/DISCOVERY/RANGE ROVER A/F A4901,SUB1006,SLT1000,UOM1000,UOM1000,1,,ITP1000,
ITM1328,MAZDA AIR FILTER A404V,,1,10,1,1,1,0,1/1/2017,12:00:00,1,1/1/2017,12:00:00,1,MAZDA AIR FILTER A404V,SUB1006,SLT1000,UOM1000,UOM1000,1,,ITP1000,
ITM1329,MAZDA AIR FILTER A423V,,1,10,1,1,1,0,1/1/2017,12:00:00,1,1/1/2017,12:00:00,1,MAZDA AIR FILTER A423V,SUB1006,SLT1000,UOM1000,UOM1000,1,,ITP1000,
ITM1330,MAZDA AIR FILTER A444V,,1,10,1,1,1,0,1/1/2017,12:00:00,1,1/1/2017,12:00:00,1,MAZDA AIR FILTER A444V,SUB1006,SLT1000,UOM1000,UOM1000,1,,ITP1000,
ITM1331,MAZDA AIR FILTER A447V,,1,10,1,1,1,0,1/1/2017,12:00:00,1,1/1/2017,12:00:00,1,MAZDA AIR FILTER A447V,SUB1006,SLT1000,UOM1000,UOM1000,1,,ITP1000,
ITM1332,MAZDA AIR FILTER A464V,,1,10,1,1,1,0,1/1/2017,12:00:00,1,1/1/2017,12:00:00,1,MAZDA AIR FILTER A464V,SUB1006,SLT1000,UOM1000,UOM1000,1,,ITP1000,
ITM1333,MITSUBISHI AIR FILTER A142S,,1,10,1,1,1,0,1/1/2017,12:00:00,1,1/1/2017,12:00:00,1,MITSUBISHI AIR FILTER A142S,SUB1006,SLT1000,UOM1000,UOM1000,1,,ITP1000,
ITM1334,MITSUBISHI AIR FILTER A3004V,,1,10,1,1,1,0,1/1/2017,12:00:00,1,1/1/2017,12:00:00,1,MITSUBISHI AIR FILTER A3004V,SUB1006,SLT1000,UOM1000,UOM1000,1,,ITP1000,
ITM1335,MITSUBISHI AIR FILTER A3011V,,1,10,1,1,1,0,1/1/2017,12:00:00,1,1/1/2017,12:00:00,1,MITSUBISHI AIR FILTER A3011V,SUB1006,SLT1000,UOM1000,UOM1000,1,,ITP1000,
ITM1336,MITSUBISHI AIR FILTER A3012V,,1,10,1,1,1,0,1/1/2017,12:00:00,1,1/1/2017,12:00:00,1,MITSUBISHI AIR FILTER A3012V,SUB1006,SLT1000,UOM1000,UOM1000,1,,ITP1000,
ITM1337,MITSUBISHI AIR FILTER A3016V,,1,10,1,1,1,0,1/1/2017,12:00:00,1,1/1/2017,12:00:00,1,MITSUBISHI AIR FILTER A3016V,SUB1006,SLT1000,UOM1000,UOM1000,1,,ITP1000,
ITM1338,MITSUBISHI AIR FILTER A3017V,,1,10,1,1,1,0,1/1/2017,12:00:00,1,1/1/2017,12:00:00,1,MITSUBISHI AIR FILTER A3017V,SUB1006,SLT1000,UOM1000,UOM1000,1,,ITP1000,
ITM1339,MITSUBISHI AIR FILTER A303V,,1,10,1,1,1,0,1/1/2017,12:00:00,1,1/1/2017,12:00:00,1,MITSUBISHI AIR FILTER A303V,SUB1006,SLT1000,UOM1000,UOM1000,1,,ITP1000,
ITM1340,MITSUBISHI AIR FILTER A310V,,1,10,1,1,1,0,1/1/2017,12:00:00,1,1/1/2017,12:00:00,1,MITSUBISHI AIR FILTER A310V,SUB1006,SLT1000,UOM1000,UOM1000,1,,ITP1000,
ITM1341,MITSUBISHI AIR FILTER A324V,,1,10,1,1,1,0,1/1/2017,12:00:00,1,1/1/2017,12:00:00,1,MITSUBISHI AIR FILTER A324V,SUB1006,SLT1000,UOM1000,UOM1000,1,,ITP1000,
ITM1342,MITSUBISHI AIR FILTER A328N,,1,10,1,1,1,0,1/1/2017,12:00:00,1,1/1/2017,12:00:00,1,MITSUBISHI AIR FILTER A328N,SUB1006,SLT1000,UOM1000,UOM1000,1,,ITP1000,
ITM1343,MITSUBISHI AIR FILTER A328V,,1,10,1,1,1,0,1/1/2017,12:00:00,1,1/1/2017,12:00:00,1,MITSUBISHI AIR FILTER A328V,SUB1006,SLT1000,UOM1000,UOM1000,1,,ITP1000,
ITM1344,MITSUBISHI AIR FILTER A331V,,1,10,1,1,1,0,1/1/2017,12:00:00,1,1/1/2017,12:00:00,1,MITSUBISHI AIR FILTER A331V,SUB1006,SLT1000,UOM1000,UOM1000,1,,ITP1000,
ITM1345,MITSUBISHI AIR FILTER A334V,,1,10,1,1,1,0,1/1/2017,12:00:00,1,1/1/2017,12:00:00,1,MITSUBISHI AIR FILTER A334V,SUB1006,SLT1000,UOM1000,UOM1000,1,,ITP1000,
ITM1346,MITSUBISHI AIR FILTER A344V,,1,10,1,1,1,0,1/1/2017,12:00:00,1,1/1/2017,12:00:00,1,MITSUBISHI AIR FILTER A344V,SUB1006,SLT1000,UOM1000,UOM1000,1,,ITP1000,
ITM1347,MITSUBISHI AIR FILTER A348V,,1,10,1,1,1,0,1/1/2017,12:00:00,1,1/1/2017,12:00:00,1,MITSUBISHI AIR FILTER A348V,SUB1006,SLT1000,UOM1000,UOM1000,1,,ITP1000,
ITM1348,MITSUBISHI AIR FILTER A349V,,1,10,1,1,1,0,1/1/2017,12:00:00,1,1/1/2017,12:00:00,1,MITSUBISHI AIR FILTER A349V,SUB1006,SLT1000,UOM1000,UOM1000,1,,ITP1000,
ITM1349,NISSAN AIR FILTER,,1,10,1,1,1,0,1/1/2017,12:00:00,1,1/1/2017,12:00:00,1,NISSAN AIR FILTER,SUB1006,SLT1000,UOM1000,UOM1000,1,,ITP1000,
ITM1350,NISSAN AIR FILTER A2003V,,1,10,1,1,1,0,1/1/2017,12:00:00,1,1/1/2017,12:00:00,1,NISSAN AIR FILTER A2003V,SUB1006,SLT1000,UOM1000,UOM1000,1,,ITP1000,
ITM1351,NISSAN AIR FILTER A2006V,,1,10,1,1,1,0,1/1/2017,12:00:00,1,1/1/2017,12:00:00,1,NISSAN AIR FILTER A2006V,SUB1006,SLT1000,UOM1000,UOM1000,1,,ITP1000,
ITM1352,NISSAN AIR FILTER A2008V,,1,10,1,1,1,0,1/1/2017,12:00:00,1,1/1/2017,12:00:00,1,NISSAN AIR FILTER A2008V,SUB1006,SLT1000,UOM1000,UOM1000,1,,ITP1000,
ITM1353,NISSAN AIR FILTER A2011V,,1,10,1,1,1,0,1/1/2017,12:00:00,1,1/1/2017,12:00:00,1,NISSAN AIR FILTER A2011V,SUB1006,SLT1000,UOM1000,UOM1000,1,,ITP1000,
ITM1354,NISSAN AIR FILTER A2016V,,1,10,1,1,1,0,1/1/2017,12:00:00,1,1/1/2017,12:00:00,1,NISSAN AIR FILTER A2016V,SUB1006,SLT1000,UOM1000,UOM1000,1,,ITP1000,
ITM1355,NISSAN AIR FILTER A206AVV,,1,10,1,1,1,0,1/1/2017,12:00:00,1,1/1/2017,12:00:00,1,NISSAN AIR FILTER A206AVV,SUB1006,SLT1000,UOM1000,UOM1000,1,,ITP1000,
ITM1356,NISSAN AIR FILTER A210V,,1,10,1,1,1,0,1/1/2017,12:00:00,1,1/1/2017,12:00:00,1,NISSAN AIR FILTER A210V,SUB1006,SLT1000,UOM1000,UOM1000,1,,ITP1000,
ITM1357,NISSAN AIR FILTER A215V,,1,10,1,1,1,0,1/1/2017,12:00:00,1,1/1/2017,12:00:00,1,NISSAN AIR FILTER A215V,SUB1006,SLT1000,UOM1000,UOM1000,1,,ITP1000,
ITM1358,NISSAN AIR FILTER A221V,,1,10,1,1,1,0,1/1/2017,12:00:00,1,1/1/2017,12:00:00,1,NISSAN AIR FILTER A221V,SUB1006,SLT1000,UOM1000,UOM1000,1,,ITP1000,
ITM1359,NISSAN AIR FILTER A226V,,1,10,1,1,1,0,1/1/2017,12:00:00,1,1/1/2017,12:00:00,1,NISSAN AIR FILTER A226V,SUB1006,SLT1000,UOM1000,UOM1000,1,,ITP1000,
ITM1360,NISSAN AIR FILTER A243V,,1,10,1,1,1,0,1/1/2017,12:00:00,1,1/1/2017,12:00:00,1,NISSAN AIR FILTER A243V,SUB1006,SLT1000,UOM1000,UOM1000,1,,ITP1000,
ITM1361,NISSAN AIR FILTER A270V,,1,10,1,1,1,0,1/1/2017,12:00:00,1,1/1/2017,12:00:00,1,NISSAN AIR FILTER A270V,SUB1006,SLT1000,UOM1000,UOM1000,1,,ITP1000,
ITM1362,NISSAN AIR FILTER AN212SV,,1,10,1,1,1,0,1/1/2017,12:00:00,1,1/1/2017,12:00:00,1,NISSAN AIR FILTER AN212SV,SUB1006,SLT1000,UOM1000,UOM1000,1,,ITP1000,
ITM1363,NISSAN FUEL FILTER FC208V,,1,10,1,1,1,0,1/1/2017,12:00:00,1,1/1/2017,12:00:00,1,NISSAN FUEL FILTER FC208V,SUB1006,SLT1000,UOM1000,UOM1000,1,,ITP1000,
ITM1364,NISSAN FUEL FILTER FC210V,,1,10,1,1,1,0,1/1/2017,12:00:00,1,1/1/2017,12:00:00,1,NISSAN FUEL FILTER FC210V,SUB1006,SLT1000,UOM1000,UOM1000,1,,ITP1000,
ITM1365,NISSAN FUEL FILTER FC224V,,1,10,1,1,1,0,1/1/2017,12:00:00,1,1/1/2017,12:00:00,1,NISSAN FUEL FILTER FC224V,SUB1006,SLT1000,UOM1000,UOM1000,1,,ITP1000,
ITM1366,NISSAN FUEL FILTER FC227V,,1,10,1,1,1,0,1/1/2017,12:00:00,1,1/1/2017,12:00:00,1,NISSAN FUEL FILTER FC227V,SUB1006,SLT1000,UOM1000,UOM1000,1,,ITP1000,
ITM1367,NISSAN FUEL FILTER FC231V,,1,10,1,1,1,0,1/1/2017,12:00:00,1,1/1/2017,12:00:00,1,NISSAN FUEL FILTER FC231V,SUB1006,SLT1000,UOM1000,UOM1000,1,,ITP1000,
ITM1368,NISSAN FUEL FILTER FC232V,,1,10,1,1,1,0,1/1/2017,12:00:00,1,1/1/2017,12:00:00,1,NISSAN FUEL FILTER FC232V,SUB1006,SLT1000,UOM1000,UOM1000,1,,ITP1000,
ITM1369,NISSAN FUEL FILTER FC235V,,1,10,1,1,1,0,1/1/2017,12:00:00,1,1/1/2017,12:00:00,1,NISSAN FUEL FILTER FC235V,SUB1006,SLT1000,UOM1000,UOM1000,1,,ITP1000,
ITM1370,NISSAN FUEL FILTER FC236V,,1,10,1,1,1,0,1/1/2017,12:00:00,1,1/1/2017,12:00:00,1,NISSAN FUEL FILTER FC236V,SUB1006,SLT1000,UOM1000,UOM1000,1,,ITP1000,
ITM1371,NISSAN FUEL FILTER FC237V,,1,10,1,1,1,0,1/1/2017,12:00:00,1,1/1/2017,12:00:00,1,NISSAN FUEL FILTER FC237V,SUB1006,SLT1000,UOM1000,UOM1000,1,,ITP1000,
ITM1372,NISSAN FUEL FILTERFC226V,,1,10,1,1,1,0,1/1/2017,12:00:00,1,1/1/2017,12:00:00,1,NISSAN FUEL FILTERFC226V,SUB1006,SLT1000,UOM1000,UOM1000,1,,ITP1000,
ITM1373,SAKURA AIR FILTER,,1,10,1,1,1,0,1/1/2017,12:00:00,1,1/1/2017,12:00:00,1,SAKURA AIR FILTER,SUB1006,SLT1000,UOM1000,UOM1000,1,,ITP1000,
ITM1374,SUBARU AIR FILTER A926V,,1,10,1,1,1,0,1/1/2017,12:00:00,1,1/1/2017,12:00:00,1,SUBARU AIR FILTER A926V,SUB1006,SLT1000,UOM1000,UOM1000,1,,ITP1000,
ITM1375,SUBARU AIR FILTER A941V,,1,10,1,1,1,0,1/1/2017,12:00:00,1,1/1/2017,12:00:00,1,SUBARU AIR FILTER A941V,SUB1006,SLT1000,UOM1000,UOM1000,1,,ITP1000,
ITM1376,SUZUKI AIR FILTER A945V,,1,10,1,1,1,0,1/1/2017,12:00:00,1,1/1/2017,12:00:00,1,SUZUKI AIR FILTER A945V,SUB1006,SLT1000,UOM1000,UOM1000,1,,ITP1000,
ITM1377,SUZUKI AIR FILTER A946V,,1,10,1,1,1,0,1/1/2017,12:00:00,1,1/1/2017,12:00:00,1,SUZUKI AIR FILTER A946V,SUB1006,SLT1000,UOM1000,UOM1000,1,,ITP1000,
ITM1378,SUZUKI AIR FILTER A948V,,1,10,1,1,1,0,1/1/2017,12:00:00,1,1/1/2017,12:00:00,1,SUZUKI AIR FILTER A948V,SUB1006,SLT1000,UOM1000,UOM1000,1,,ITP1000,
ITM1379,SUZUKI AIR FILTER A953V,,1,10,1,1,1,0,1/1/2017,12:00:00,1,1/1/2017,12:00:00,1,SUZUKI AIR FILTER A953V,SUB1006,SLT1000,UOM1000,UOM1000,1,,ITP1000,
ITM1380,SUZUKI AIR FILTER A955V,,1,10,1,1,1,0,1/1/2017,12:00:00,1,1/1/2017,12:00:00,1,SUZUKI AIR FILTER A955V,SUB1006,SLT1000,UOM1000,UOM1000,1,,ITP1000,
ITM1381,SUZUKI AIR FILTER A957V,,1,10,1,1,1,0,1/1/2017,12:00:00,1,1/1/2017,12:00:00,1,SUZUKI AIR FILTER A957V,SUB1006,SLT1000,UOM1000,UOM1000,1,,ITP1000,
ITM1382,SUZUKI AIR FILTER A959V,,1,10,1,1,1,0,1/1/2017,12:00:00,1,1/1/2017,12:00:00,1,SUZUKI AIR FILTER A959V,SUB1006,SLT1000,UOM1000,UOM1000,1,,ITP1000,
ITM1383,SUZUKI AIR FILTER A961V,,1,10,1,1,1,0,1/1/2017,12:00:00,1,1/1/2017,12:00:00,1,SUZUKI AIR FILTER A961V,SUB1006,SLT1000,UOM1000,UOM1000,1,,ITP1000,
ITM1384,SUZUKI AIR FILTER A963V,,1,10,1,1,1,0,1/1/2017,12:00:00,1,1/1/2017,12:00:00,1,SUZUKI AIR FILTER A963V,SUB1006,SLT1000,UOM1000,UOM1000,1,,ITP1000,
ITM1385,SUZUKI AIR FILTER A964V,,1,10,1,1,1,0,1/1/2017,12:00:00,1,1/1/2017,12:00:00,1,SUZUKI AIR FILTER A964V,SUB1006,SLT1000,UOM1000,UOM1000,1,,ITP1000,
ITM1386,SUZUKI AIR FILTER A965V,,1,10,1,1,1,0,1/1/2017,12:00:00,1,1/1/2017,12:00:00,1,SUZUKI AIR FILTER A965V,SUB1006,SLT1000,UOM1000,UOM1000,1,,ITP1000,
ITM1387,SUZUKI AIR FILTER A966V,,1,10,1,1,1,0,1/1/2017,12:00:00,1,1/1/2017,12:00:00,1,SUZUKI AIR FILTER A966V,SUB1006,SLT1000,UOM1000,UOM1000,1,,ITP1000,
ITM1388,SUZUKI AIR FILTER A969V,,1,10,1,1,1,0,1/1/2017,12:00:00,1,1/1/2017,12:00:00,1,SUZUKI AIR FILTER A969V,SUB1006,SLT1000,UOM1000,UOM1000,1,,ITP1000,
ITM1389,SUZUKI AIR FILTER A970V,,1,10,1,1,1,0,1/1/2017,12:00:00,1,1/1/2017,12:00:00,1,SUZUKI AIR FILTER A970V,SUB1006,SLT1000,UOM1000,UOM1000,1,,ITP1000,
ITM1390,SUZUKI AIR FILTER A971V,,1,10,1,1,1,0,1/1/2017,12:00:00,1,1/1/2017,12:00:00,1,SUZUKI AIR FILTER A971V,SUB1006,SLT1000,UOM1000,UOM1000,1,,ITP1000,
ITM1391,SUZUKI AIR FILTER A973V,,1,10,1,1,1,0,1/1/2017,12:00:00,1,1/1/2017,12:00:00,1,SUZUKI AIR FILTER A973V,SUB1006,SLT1000,UOM1000,UOM1000,1,,ITP1000,
ITM1392,TOYOTA A/F A1126,,1,10,1,1,1,0,1/1/2017,12:00:00,1,1/1/2017,12:00:00,1,TOYOTA A/F A1126,SUB1006,SLT1000,UOM1000,UOM1000,1,,ITP1000,
ITM1393,TOYOTA AIR FILTER,,1,10,1,1,1,0,1/1/2017,12:00:00,1,1/1/2017,12:00:00,1,TOYOTA AIR FILTER,SUB1006,SLT1000,UOM1000,UOM1000,1,,ITP1000,
ITM1394,TOYOTA AIR FILTER 21030,,1,10,1,1,1,0,1/1/2017,12:00:00,1,1/1/2017,12:00:00,1,TOYOTA AIR FILTER 21030,SUB1006,SLT1000,UOM1000,UOM1000,1,,ITP1000,
ITM1395,TOYOTA AIR FILTER 21050,,1,10,1,1,1,0,1/1/2017,12:00:00,1,1/1/2017,12:00:00,1,TOYOTA AIR FILTER 21050,SUB1006,SLT1000,UOM1000,UOM1000,1,,ITP1000,
ITM1396,TOYOTA AIR FILTER 21060,,1,10,1,1,1,0,1/1/2017,12:00:00,1,1/1/2017,12:00:00,1,TOYOTA AIR FILTER 21060,SUB1006,SLT1000,UOM1000,UOM1000,1,,ITP1000,
ITM1397,TOYOTA AIR FILTER 30050,,1,10,1,1,1,0,1/1/2017,12:00:00,1,1/1/2017,12:00:00,1,TOYOTA AIR FILTER 30050,SUB1006,SLT1000,UOM1000,UOM1000,1,,ITP1000,
ITM1398,TOYOTA AIR FILTER 97402,,1,10,1,1,1,0,1/1/2017,12:00:00,1,1/1/2017,12:00:00,1,TOYOTA AIR FILTER 97402,SUB1006,SLT1000,UOM1000,UOM1000,1,,ITP1000,
ITM1399,TOYOTA AIR FILTER A1003V,,1,10,1,1,1,0,1/1/2017,12:00:00,1,1/1/2017,12:00:00,1,TOYOTA AIR FILTER A1003V,SUB1006,SLT1000,UOM1000,UOM1000,1,,ITP1000,
ITM1400,TOYOTA AIR FILTER A1008V,,1,10,1,1,1,0,1/1/2017,12:00:00,1,1/1/2017,12:00:00,1,TOYOTA AIR FILTER A1008V,SUB1006,SLT1000,UOM1000,UOM1000,1,,ITP1000,
ITM1401,TOYOTA AIR FILTER A1010V,,1,10,1,1,1,0,1/1/2017,12:00:00,1,1/1/2017,12:00:00,1,TOYOTA AIR FILTER A1010V,SUB1006,SLT1000,UOM1000,UOM1000,1,,ITP1000,
ITM1402,TOYOTA AIR FILTER A1011V,,1,10,1,1,1,0,1/1/2017,12:00:00,1,1/1/2017,12:00:00,1,TOYOTA AIR FILTER A1011V,SUB1006,SLT1000,UOM1000,UOM1000,1,,ITP1000,
ITM1403,TOYOTA AIR FILTER A1016V,,1,10,1,1,1,0,1/1/2017,12:00:00,1,1/1/2017,12:00:00,1,TOYOTA AIR FILTER A1016V,SUB1006,SLT1000,UOM1000,UOM1000,1,,ITP1000,
ITM1404,TOYOTA AIR FILTER A1021V,,1,10,1,1,1,0,1/1/2017,12:00:00,1,1/1/2017,12:00:00,1,TOYOTA AIR FILTER A1021V,SUB1006,SLT1000,UOM1000,UOM1000,1,,ITP1000,
ITM1405,TOYOTA AIR FILTER A1022V,,1,10,1,1,1,0,1/1/2017,12:00:00,1,1/1/2017,12:00:00,1,TOYOTA AIR FILTER A1022V,SUB1006,SLT1000,UOM1000,UOM1000,1,,ITP1000,
ITM1406,TOYOTA AIR FILTER A1023V,,1,10,1,1,1,0,1/1/2017,12:00:00,1,1/1/2017,12:00:00,1,TOYOTA AIR FILTER A1023V,SUB1006,SLT1000,UOM1000,UOM1000,1,,ITP1000,
ITM1407,TOYOTA AIR FILTER A1024V,,1,10,1,1,1,0,1/1/2017,12:00:00,1,1/1/2017,12:00:00,1,TOYOTA AIR FILTER A1024V,SUB1006,SLT1000,UOM1000,UOM1000,1,,ITP1000,
ITM1408,TOYOTA AIR FILTER A1025V,,1,10,1,1,1,0,1/1/2017,12:00:00,1,1/1/2017,12:00:00,1,TOYOTA AIR FILTER A1025V,SUB1006,SLT1000,UOM1000,UOM1000,1,,ITP1000,
ITM1409,TOYOTA AIR FILTER A1027V,,1,10,1,1,1,0,1/1/2017,12:00:00,1,1/1/2017,12:00:00,1,TOYOTA AIR FILTER A1027V,SUB1006,SLT1000,UOM1000,UOM1000,1,,ITP1000,
ITM1410,TOYOTA AIR FILTER A1030V,,1,10,1,1,1,0,1/1/2017,12:00:00,1,1/1/2017,12:00:00,1,TOYOTA AIR FILTER A1030V,SUB1006,SLT1000,UOM1000,UOM1000,1,,ITP1000,
ITM1411,TOYOTA AIR FILTER A1031V,,1,10,1,1,1,0,1/1/2017,12:00:00,1,1/1/2017,12:00:00,1,TOYOTA AIR FILTER A1031V,SUB1006,SLT1000,UOM1000,UOM1000,1,,ITP1000,
ITM1412,TOYOTA AIR FILTER A135V,,1,10,1,1,1,0,1/1/2017,12:00:00,1,1/1/2017,12:00:00,1,TOYOTA AIR FILTER A135V,SUB1006,SLT1000,UOM1000,UOM1000,1,,ITP1000,
ITM1413,TOYOTA AIR FILTER A136V,,1,10,1,1,1,0,1/1/2017,12:00:00,1,1/1/2017,12:00:00,1,TOYOTA AIR FILTER A136V,SUB1006,SLT1000,UOM1000,UOM1000,1,,ITP1000,
ITM1414,TOYOTA AIR FILTER A137V,,1,10,1,1,1,0,1/1/2017,12:00:00,1,1/1/2017,12:00:00,1,TOYOTA AIR FILTER A137V,SUB1006,SLT1000,UOM1000,UOM1000,1,,ITP1000,
ITM1415,TOYOTA AIR FILTER A138V,,1,10,1,1,1,0,1/1/2017,12:00:00,1,1/1/2017,12:00:00,1,TOYOTA AIR FILTER A138V,SUB1006,SLT1000,UOM1000,UOM1000,1,,ITP1000,
ITM1416,TOYOTA AIR FILTER A143V,,1,10,1,1,1,0,1/1/2017,12:00:00,1,1/1/2017,12:00:00,1,TOYOTA AIR FILTER A143V,SUB1006,SLT1000,UOM1000,UOM1000,1,,ITP1000,
ITM1417,TOYOTA AIR FILTER A147V,,1,10,1,1,1,0,1/1/2017,12:00:00,1,1/1/2017,12:00:00,1,TOYOTA AIR FILTER A147V,SUB1006,SLT1000,UOM1000,UOM1000,1,,ITP1000,
ITM1418,TOYOTA AIR FILTER A149V,,1,10,1,1,1,0,1/1/2017,12:00:00,1,1/1/2017,12:00:00,1,TOYOTA AIR FILTER A149V,SUB1006,SLT1000,UOM1000,UOM1000,1,,ITP1000,
ITM1419,TOYOTA AIR FILTER A157V,,1,10,1,1,1,0,1/1/2017,12:00:00,1,1/1/2017,12:00:00,1,TOYOTA AIR FILTER A157V,SUB1006,SLT1000,UOM1000,UOM1000,1,,ITP1000,
ITM1420,TOYOTA AIR FILTER A161V,,1,10,1,1,1,0,1/1/2017,12:00:00,1,1/1/2017,12:00:00,1,TOYOTA AIR FILTER A161V,SUB1006,SLT1000,UOM1000,UOM1000,1,,ITP1000,
ITM1421,TOYOTA AIR FILTER A169V,,1,10,1,1,1,0,1/1/2017,12:00:00,1,1/1/2017,12:00:00,1,TOYOTA AIR FILTER A169V,SUB1006,SLT1000,UOM1000,UOM1000,1,,ITP1000,
ITM1422,TOYOTA AIR FILTER A170V,,1,10,1,1,1,0,1/1/2017,12:00:00,1,1/1/2017,12:00:00,1,TOYOTA AIR FILTER A170V,SUB1006,SLT1000,UOM1000,UOM1000,1,,ITP1000,
ITM1423,TOYOTA AIR FILTER A177V,,1,10,1,1,1,0,1/1/2017,12:00:00,1,1/1/2017,12:00:00,1,TOYOTA AIR FILTER A177V,SUB1006,SLT1000,UOM1000,UOM1000,1,,ITP1000,
ITM1424,TOYOTA AIR FILTER A179V,,1,10,1,1,1,0,1/1/2017,12:00:00,1,1/1/2017,12:00:00,1,TOYOTA AIR FILTER A179V,SUB1006,SLT1000,UOM1000,UOM1000,1,,ITP1000,
ITM1425,TOYOTA AIR FILTER A181V,,1,10,1,1,1,0,1/1/2017,12:00:00,1,1/1/2017,12:00:00,1,TOYOTA AIR FILTER A181V,SUB1006,SLT1000,UOM1000,UOM1000,1,,ITP1000,
ITM1426,TOYOTA AIR FILTER A182V,,1,10,1,1,1,0,1/1/2017,12:00:00,1,1/1/2017,12:00:00,1,TOYOTA AIR FILTER A182V,SUB1006,SLT1000,UOM1000,UOM1000,1,,ITP1000,
ITM1427,TOYOTA AIR FILTER A183V,,1,10,1,1,1,0,1/1/2017,12:00:00,1,1/1/2017,12:00:00,1,TOYOTA AIR FILTER A183V,SUB1006,SLT1000,UOM1000,UOM1000,1,,ITP1000,
ITM1428,TOYOTA AIR FILTER A184V,,1,10,1,1,1,0,1/1/2017,12:00:00,1,1/1/2017,12:00:00,1,TOYOTA AIR FILTER A184V,SUB1006,SLT1000,UOM1000,UOM1000,1,,ITP1000,
ITM1429,TOYOTA AIR FILTER A185V,,1,10,1,1,1,0,1/1/2017,12:00:00,1,1/1/2017,12:00:00,1,TOYOTA AIR FILTER A185V,SUB1006,SLT1000,UOM1000,UOM1000,1,,ITP1000,
ITM1430,TOYOTA AIR FILTER A190V,,1,10,1,1,1,0,1/1/2017,12:00:00,1,1/1/2017,12:00:00,1,TOYOTA AIR FILTER A190V,SUB1006,SLT1000,UOM1000,UOM1000,1,,ITP1000,
ITM1431,TOYOTA AIR FILTER A191V,,1,10,1,1,1,0,1/1/2017,12:00:00,1,1/1/2017,12:00:00,1,TOYOTA AIR FILTER A191V,SUB1006,SLT1000,UOM1000,UOM1000,1,,ITP1000,
ITM1432,TOYOTA AIR FILTER A194V,,1,10,1,1,1,0,1/1/2017,12:00:00,1,1/1/2017,12:00:00,1,TOYOTA AIR FILTER A194V,SUB1006,SLT1000,UOM1000,UOM1000,1,,ITP1000,
ITM1433,TOYOTA AIR FILTER A195V,,1,10,1,1,1,0,1/1/2017,12:00:00,1,1/1/2017,12:00:00,1,TOYOTA AIR FILTER A195V,SUB1006,SLT1000,UOM1000,UOM1000,1,,ITP1000,
ITM1434,TOYOTA AIR FILTER A197V,,1,10,1,1,1,0,1/1/2017,12:00:00,1,1/1/2017,12:00:00,1,TOYOTA AIR FILTER A197V,SUB1006,SLT1000,UOM1000,UOM1000,1,,ITP1000,
ITM1435,TOYOTA AIR FILTER C010,,1,10,1,1,1,0,1/1/2017,12:00:00,1,1/1/2017,12:00:00,1,TOYOTA AIR FILTER C010,SUB1006,SLT1000,UOM1000,UOM1000,1,,ITP1000,
ITM1436,AC FILTER  97133-2E210,,1,10,1,1,1,0,1/1/2017,12:00:00,1,1/1/2017,12:00:00,1,AC FILTER  97133-2E210,SUB1005,SLT1000,UOM1000,UOM1000,1,,ITP1000,
ITM1437,AC FILTER  AC 801V,,1,10,1,1,1,0,1/1/2017,12:00:00,1,1/1/2017,12:00:00,1,AC FILTER  AC 801V,SUB1005,SLT1000,UOM1000,UOM1000,1,,ITP1000,
ITM1438,AC FILTER  AC 805V,,1,10,1,1,1,0,1/1/2017,12:00:00,1,1/1/2017,12:00:00,1,AC FILTER  AC 805V,SUB1005,SLT1000,UOM1000,UOM1000,1,,ITP1000,
ITM1439,AC FILTER (KIA SORENTO) IPCA K009,,1,10,1,1,1,0,1/1/2017,12:00:00,1,1/1/2017,12:00:00,1,AC FILTER (KIA SORENTO) IPCA K009,SUB1005,SLT1000,UOM1000,UOM1000,1,,ITP1000,
ITM1440,AC FILTER (KIA SPORTAGE) IPCAK008,,1,10,1,1,1,0,1/1/2017,12:00:00,1,1/1/2017,12:00:00,1,AC FILTER (KIA SPORTAGE) IPCAK008,SUB1005,SLT1000,UOM1000,UOM1000,1,,ITP1000,
ITM1441,AC FILTER AC 202V,,1,10,1,1,1,0,1/1/2017,12:00:00,1,1/1/2017,12:00:00,1,AC FILTER AC 202V,SUB1005,SLT1000,UOM1000,UOM1000,1,,ITP1000,
ITM1442,AC FILTER AC 203N,,1,10,1,1,1,0,1/1/2017,12:00:00,1,1/1/2017,12:00:00,1,AC FILTER AC 203N,SUB1005,SLT1000,UOM1000,UOM1000,1,,ITP1000,
ITM1443,AC FILTER AC 203V,,1,10,1,1,1,0,1/1/2017,12:00:00,1,1/1/2017,12:00:00,1,AC FILTER AC 203V,SUB1005,SLT1000,UOM1000,UOM1000,1,,ITP1000,
ITM1444,AC FILTER AC 206V,,1,10,1,1,1,0,1/1/2017,12:00:00,1,1/1/2017,12:00:00,1,AC FILTER AC 206V,SUB1005,SLT1000,UOM1000,UOM1000,1,,ITP1000,
ITM1445,AC FILTER AC 208V,,1,10,1,1,1,0,1/1/2017,12:00:00,1,1/1/2017,12:00:00,1,AC FILTER AC 208V,SUB1005,SLT1000,UOM1000,UOM1000,1,,ITP1000,
ITM1446,AC FILTER AC 804V,,1,10,1,1,1,0,1/1/2017,12:00:00,1,1/1/2017,12:00:00,1,AC FILTER AC 804V,SUB1005,SLT1000,UOM1000,UOM1000,1,,ITP1000,
ITM1447,AC FILTER AC 808V,,1,10,1,1,1,0,1/1/2017,12:00:00,1,1/1/2017,12:00:00,1,AC FILTER AC 808V,SUB1005,SLT1000,UOM1000,UOM1000,1,,ITP1000,
ITM1448,AC FILTER AC 932V,,1,10,1,1,1,0,1/1/2017,12:00:00,1,1/1/2017,12:00:00,1,AC FILTER AC 932V,SUB1005,SLT1000,UOM1000,UOM1000,1,,ITP1000,
ITM1449,AC FILTER AC 934V,,1,10,1,1,1,0,1/1/2017,12:00:00,1,1/1/2017,12:00:00,1,AC FILTER AC 934V,SUB1005,SLT1000,UOM1000,UOM1000,1,,ITP1000,
ITM1450,AC FILTER AC102N,,1,10,1,1,1,0,1/1/2017,12:00:00,1,1/1/2017,12:00:00,1,AC FILTER AC102N,SUB1005,SLT1000,UOM1000,UOM1000,1,,ITP1000,
ITM1451,AC FILTER AC102V,,1,10,1,1,1,0,1/1/2017,12:00:00,1,1/1/2017,12:00:00,1,AC FILTER AC102V,SUB1005,SLT1000,UOM1000,UOM1000,1,,ITP1000,
ITM1452,AC FILTER AC103V,,1,10,1,1,1,0,1/1/2017,12:00:00,1,1/1/2017,12:00:00,1,AC FILTER AC103V,SUB1005,SLT1000,UOM1000,UOM1000,1,,ITP1000,
ITM1453,AC FILTER AC108V,,1,10,1,1,1,0,1/1/2017,12:00:00,1,1/1/2017,12:00:00,1,AC FILTER AC108V,SUB1005,SLT1000,UOM1000,UOM1000,1,,ITP1000,
ITM1454,AC FILTER AC109V,,1,10,1,1,1,0,1/1/2017,12:00:00,1,1/1/2017,12:00:00,1,AC FILTER AC109V,SUB1005,SLT1000,UOM1000,UOM1000,1,,ITP1000,
ITM1455,AC FILTER AC201V,,1,10,1,1,1,0,1/1/2017,12:00:00,1,1/1/2017,12:00:00,1,AC FILTER AC201V,SUB1005,SLT1000,UOM1000,UOM1000,1,,ITP1000,
ITM1456,AC FILTER AC801N,,1,10,1,1,1,0,1/1/2017,12:00:00,1,1/1/2017,12:00:00,1,AC FILTER AC801N,SUB1005,SLT1000,UOM1000,UOM1000,1,,ITP1000,
ITM1457,AC FILTER AC803V,,1,10,1,1,1,0,1/1/2017,12:00:00,1,1/1/2017,12:00:00,1,AC FILTER AC803V,SUB1005,SLT1000,UOM1000,UOM1000,1,,ITP1000,
ITM1458,AC FILTER CABIN ,,1,10,1,1,1,0,1/1/2017,12:00:00,1,1/1/2017,12:00:00,1,AC FILTER CABIN ,SUB1005,SLT1000,UOM1000,UOM1000,1,,ITP1000,
ITM1459,AC FILTER HONDA CIVIC,,1,10,1,1,1,0,1/1/2017,12:00:00,1,1/1/2017,12:00:00,1,AC FILTER HONDA CIVIC,SUB1005,SLT1000,UOM1000,UOM1000,1,,ITP1000,
ITM1460,AC FILTER HONDA FIT,,1,10,1,1,1,0,1/1/2017,12:00:00,1,1/1/2017,12:00:00,1,AC FILTER HONDA FIT,SUB1005,SLT1000,UOM1000,UOM1000,1,,ITP1000,
ITM1461,AC FILTER HONDA VEZEL,,1,10,1,1,1,0,1/1/2017,12:00:00,1,1/1/2017,12:00:00,1,AC FILTER HONDA VEZEL,SUB1005,SLT1000,UOM1000,UOM1000,1,,ITP1000,
ITM1462,AC FILTER KYRON,,1,10,1,1,1,0,1/1/2017,12:00:00,1,1/1/2017,12:00:00,1,AC FILTER KYRON,SUB1005,SLT1000,UOM1000,UOM1000,1,,ITP1000,
ITM1463,AC FILTER M400,,1,10,1,1,1,0,1/1/2017,12:00:00,1,1/1/2017,12:00:00,1,AC FILTER M400,SUB1005,SLT1000,UOM1000,UOM1000,1,,ITP1000,
ITM1464,AC FILTER MAZDA DEMIO,,1,10,1,1,1,0,1/1/2017,12:00:00,1,1/1/2017,12:00:00,1,AC FILTER MAZDA DEMIO,SUB1005,SLT1000,UOM1000,UOM1000,1,,ITP1000,
ITM1465,AC FILTER MITSUBISHI L200 ( THAILAND ),,1,10,1,1,1,0,1/1/2017,12:00:00,1,1/1/2017,12:00:00,1,AC FILTER MITSUBISHI L200 ( THAILAND ),SUB1005,SLT1000,UOM1000,UOM1000,1,,ITP1000,
ITM1466,AC FILTER MITSUBISHI MONTERO,,1,10,1,1,1,0,1/1/2017,12:00:00,1,1/1/2017,12:00:00,1,AC FILTER MITSUBISHI MONTERO,SUB1005,SLT1000,UOM1000,UOM1000,1,,ITP1000,
ITM1467,AC FILTER NISSAN NAVARA,,1,10,1,1,1,0,1/1/2017,12:00:00,1,1/1/2017,12:00:00,1,AC FILTER NISSAN NAVARA,SUB1005,SLT1000,UOM1000,UOM1000,1,,ITP1000,
ITM1468,AC FILTER NISSAN SUNNY,,1,10,1,1,1,0,1/1/2017,12:00:00,1,1/1/2017,12:00:00,1,AC FILTER NISSAN SUNNY,SUB1005,SLT1000,UOM1000,UOM1000,1,,ITP1000,
ITM1469,AC FILTER PANDA,,1,10,1,1,1,0,1/1/2017,12:00:00,1,1/1/2017,12:00:00,1,AC FILTER PANDA,SUB1005,SLT1000,UOM1000,UOM1000,1,,ITP1000,
ITM1470,AC FILTER PICANTO,,1,10,1,1,1,0,1/1/2017,12:00:00,1,1/1/2017,12:00:00,1,AC FILTER PICANTO,SUB1005,SLT1000,UOM1000,UOM1000,1,,ITP1000,
ITM1471,AC FILTER REXTON,,1,10,1,1,1,0,1/1/2017,12:00:00,1,1/1/2017,12:00:00,1,AC FILTER REXTON,SUB1005,SLT1000,UOM1000,UOM1000,1,,ITP1000,
ITM1472,AC FILTER SAKURA,,1,10,1,1,1,0,1/1/2017,12:00:00,1,1/1/2017,12:00:00,1,AC FILTER SAKURA,SUB1005,SLT1000,UOM1000,UOM1000,1,,ITP1000,
ITM1473,AC FILTER SANTAFE,,1,10,1,1,1,0,1/1/2017,12:00:00,1,1/1/2017,12:00:00,1,AC FILTER SANTAFE,SUB1005,SLT1000,UOM1000,UOM1000,1,,ITP1000,
ITM1474,AC FILTER SORENTO,,1,10,1,1,1,0,1/1/2017,12:00:00,1,1/1/2017,12:00:00,1,AC FILTER SORENTO,SUB1005,SLT1000,UOM1000,UOM1000,1,,ITP1000,
ITM1475,AC FILTER SUZUKI EVERY,,1,10,1,1,1,0,1/1/2017,12:00:00,1,1/1/2017,12:00:00,1,AC FILTER SUZUKI EVERY,SUB1005,SLT1000,UOM1000,UOM1000,1,,ITP1000,
ITM1476,AC FILTER SUZUKI SWIFT,,1,10,1,1,1,0,1/1/2017,12:00:00,1,1/1/2017,12:00:00,1,AC FILTER SUZUKI SWIFT,SUB1005,SLT1000,UOM1000,UOM1000,1,,ITP1000,
ITM1477,AC FILTER TOYOTA 52010,,1,10,1,1,1,0,1/1/2017,12:00:00,1,1/1/2017,12:00:00,1,AC FILTER TOYOTA 52010,SUB1005,SLT1000,UOM1000,UOM1000,1,,ITP1000,
ITM1478,AC FILTER TOYOTA KDH,,1,10,1,1,1,0,1/1/2017,12:00:00,1,1/1/2017,12:00:00,1,AC FILTER TOYOTA KDH,SUB1005,SLT1000,UOM1000,UOM1000,1,,ITP1000,
ITM1479,AC FILTER TOYOTA RUSH,,1,10,1,1,1,0,1/1/2017,12:00:00,1,1/1/2017,12:00:00,1,AC FILTER TOYOTA RUSH,SUB1005,SLT1000,UOM1000,UOM1000,1,,ITP1000,
ITM1480,3M QUICK WAX,,1,10,1,1,1,0,1/1/2017,12:00:00,1,1/1/2017,12:00:00,1,3M QUICK WAX,SUB1012,SLT1000,UOM1000,UOM1000,1,,ITP1000,
ITM1481,ANTI -RUST COOLANT 1L,,1,10,1,1,1,0,1/1/2017,12:00:00,1,1/1/2017,12:00:00,1,ANTI -RUST COOLANT 1L,SUB1020,SLT1000,UOM1000,UOM1000,1,,ITP1000,
ITM1482,BG COOLING SYSTEM CLEANER,,1,10,1,1,1,0,1/1/2017,12:00:00,1,1/1/2017,12:00:00,1,BG COOLING SYSTEM CLEANER,SUB1023,SLT1000,UOM1000,UOM1000,1,,ITP1000,
ITM1483,BG WINDSHIELD WASHER CONCENTRATE,,1,10,1,1,1,0,1/1/2017,12:00:00,1,1/1/2017,12:00:00,1,BG WINDSHIELD WASHER CONCENTRATE,SUB1023,SLT1000,UOM1000,UOM1000,1,,ITP1000,
ITM1484,CAR WASH 500ML,,1,10,1,1,1,0,1/1/2017,12:00:00,1,1/1/2017,12:00:00,1,CAR WASH 500ML,SUB1012,SLT1000,UOM1000,UOM1000,1,,ITP1000,
ITM1485,COOLANT PINK 1L,,1,10,1,1,1,0,1/1/2017,12:00:00,1,1/1/2017,12:00:00,1,COOLANT PINK 1L,SUB1020,SLT1000,UOM1000,UOM1000,1,,ITP1000,
ITM1486,COOLANT RED  1L,,1,10,1,1,1,0,1/1/2017,12:00:00,1,1/1/2017,12:00:00,1,COOLANT RED  1L,SUB1020,SLT1000,UOM1000,UOM1000,1,,ITP1000,
ITM1487,ENGINE FLUSH (QUICK CLEAN) BG,,1,10,1,1,1,0,1/1/2017,12:00:00,1,1/1/2017,12:00:00,1,ENGINE FLUSH (QUICK CLEAN) BG,SUB1018,SLT1000,UOM1000,UOM1000,1,,ITP1000,
ITM1488,FUEL INJECTOR CLEANER,,1,10,1,1,1,0,1/1/2017,12:00:00,1,1/1/2017,12:00:00,1,FUEL INJECTOR CLEANER,SUB1017,SLT1000,UOM1000,UOM1000,1,,ITP1000,
ITM1489,FUEL INJECTOR CLEANER DIESEL ABRO,,1,10,1,1,1,0,1/1/2017,12:00:00,1,1/1/2017,12:00:00,1,FUEL INJECTOR CLEANER DIESEL ABRO,SUB1017,SLT1000,UOM1000,UOM1000,1,,ITP1000,
ITM1490,FUEL SYSTEM CLEANER 3M,,1,10,1,1,1,0,1/1/2017,12:00:00,1,1/1/2017,12:00:00,1,FUEL SYSTEM CLEANER 3M,SUB1019,SLT1000,UOM1000,UOM1000,1,,ITP1000,
ITM1491,INTAKE SYSTEM CLEANER 3M,,1,10,1,1,1,0,1/1/2017,12:00:00,1,1/1/2017,12:00:00,1,INTAKE SYSTEM CLEANER 3M,SUB1019,SLT1000,UOM1000,UOM1000,1,,ITP1000,
ITM1492,MOTOR FLUSE 443ML,,1,10,1,1,1,0,1/1/2017,12:00:00,1,1/1/2017,12:00:00,1,MOTOR FLUSH 443ML,SUB1018,SLT1000,UOM1000,UOM1000,1,,ITP1000,
ITM1493,PRE-MIXED RED COOLANT  1L,,1,10,1,1,1,0,1/1/2017,12:00:00,1,1/1/2017,12:00:00,1,PRE-MIXED RED COOLANT  1L,SUB1020,SLT1000,UOM1000,UOM1000,1,,ITP1000,
ITM1494,QUICK DRYING CONTACT CLEANER 3M,,1,10,1,1,1,0,1/1/2017,12:00:00,1,1/1/2017,12:00:00,1,QUICK DRYING CONTACT CLEANER 3M,SUB1023,SLT1000,UOM1000,UOM1000,1,,ITP1000,
ITM1495,RADIATOR COOLANT  RED,,1,10,1,1,1,0,1/1/2017,12:00:00,1,1/1/2017,12:00:00,1,RADIATOR COOLANT  RED,SUB1020,SLT1000,UOM1000,UOM1000,1,,ITP1000,
ITM1496,RADIATOR COOLANT BLUE,,1,10,1,1,1,0,1/1/2017,12:00:00,1,1/1/2017,12:00:00,1,RADIATOR COOLANT BLUE,SUB1020,SLT1000,UOM1000,UOM1000,1,,ITP1000,
ITM1497,RADIATOR FLUSH,,1,10,1,1,1,0,1/1/2017,12:00:00,1,1/1/2017,12:00:00,1,RADIATOR FLUSH,SUB1021,SLT1000,UOM1000,UOM1000,1,,ITP1000,
ITM1498,THROTTLE PLATE & CARB CLEANER 3M,,1,10,1,1,1,0,1/1/2017,12:00:00,1,1/1/2017,12:00:00,1,THROTTLE PLATE & CARB CLEANER 3M,SUB1023,SLT1000,UOM1000,UOM1000,1,,ITP1000,
ITM1499,TOYOTA INJECTOR DIESEL CLEANER,,1,10,1,1,1,0,1/1/2017,12:00:00,1,1/1/2017,12:00:00,1,TOYOTA INJECTOR DIESEL CLEANER,SUB1017,SLT1000,UOM1000,UOM1000,1,,ITP1000,
ITM1500,TOYOTA LONG LIFE COOLANT PINK 2L,,1,10,1,1,1,0,1/1/2017,12:00:00,1,1/1/2017,12:00:00,1,TOYOTA LONG LIFE COOLANT PINK 2L,SUB1020,SLT1000,UOM1000,UOM1000,1,,ITP1000,
ITM1501,TOYOTA LONG LIFE COOLANT RED 1L,,1,10,1,1,1,0,1/1/2017,12:00:00,1,1/1/2017,12:00:00,1,TOYOTA LONG LIFE COOLANT RED 1L,SUB1020,SLT1000,UOM1000,UOM1000,1,,ITP1000,
ITM1502,WIRTH WINDSCREEN CLEANER,,1,10,1,1,1,0,1/1/2017,12:00:00,1,1/1/2017,12:00:00,1,WIRTH WINDSCREEN CLEANER,SUB1024,SLT1000,UOM1000,UOM1000,1,,ITP1000,
ITM1503,DIESEL FILTER INSERT,,1,10,1,1,1,0,1/1/2017,12:00:00,1,1/1/2017,12:00:00,1,DIESEL FILTER INSERT,SUB1027,SLT1000,UOM1000,UOM1000,1,,ITP1000,
ITM1504,"MAXCLEAR WIPER BLADE 18""""",,1,10,1,1,1,0,1/1/2017,12:00:00,1,1/1/2017,12:00:00,1,"MAXCLEAR WIPER BLADE 18""""",SUB1031,SLT1000,UOM1000,UOM1000,1,,ITP1000,
ITM1505,"MAXCLEAR WIPER BLEAD 21""""",,1,10,1,1,1,0,1/1/2017,12:00:00,1,1/1/2017,12:00:00,1,"MAXCLEAR WIPER BLEAD 21""""",SUB1031,SLT1000,UOM1000,UOM1000,1,,ITP1000,
ITM1506,"MAXCLEAR WIPER BLEDE 19""""",,1,10,1,1,1,0,1/1/2017,12:00:00,1,1/1/2017,12:00:00,1,"MAXCLEAR WIPER BLEAD 21""""",SUB1031,SLT1000,UOM1000,UOM1000,1,,ITP1000,
ITM1507,NORMAL CAR MAT COIL MAT,,1,10,1,1,1,0,1/1/2017,12:00:00,1,1/1/2017,12:00:00,1,"MAXCLEAR WIPER BLEAD 21""""",SUB1031,SLT1000,UOM1000,UOM1000,1,,ITP1000,
ITM1508,"RAINX W/B WIPER BLADE 12""""",,1,10,1,1,1,0,1/1/2017,12:00:00,1,1/1/2017,12:00:00,1,"MAXCLEAR WIPER BLEAD 21""""",SUB1031,SLT1000,UOM1000,UOM1000,1,,ITP1000,
ITM1509,"RAINX W/B WIPER BLADE 15""""",,1,10,1,1,1,0,1/1/2017,12:00:00,1,1/1/2017,12:00:00,1,"MAXCLEAR WIPER BLEAD 21""""",SUB1031,SLT1000,UOM1000,UOM1000,1,,ITP1000,
ITM1510,"RAINX W/B WIPER BLADE18""""",,1,10,1,1,1,0,1/1/2017,12:00:00,1,1/1/2017,12:00:00,1,"MAXCLEAR WIPER BLEAD 21""""",SUB1031,SLT1000,UOM1000,UOM1000,1,,ITP1000,
ITM1511,"RAINX W/B WIPER BLADE22""""",,1,10,1,1,1,0,1/1/2017,12:00:00,1,1/1/2017,12:00:00,1,"MAXCLEAR WIPER BLEAD 21""""",SUB1031,SLT1000,UOM1000,UOM1000,1,,ITP1000,
ITM1512,"RAINX W/B WIPER BLADE24""""",,1,10,1,1,1,0,1/1/2017,12:00:00,1,1/1/2017,12:00:00,1,"MAXCLEAR WIPER BLEAD 21""""",SUB1031,SLT1000,UOM1000,UOM1000,1,,ITP1000,
ITM1513,"RAINX W/B WIPRE BLADE 16""""",,1,10,1,1,1,0,1/1/2017,12:00:00,1,1/1/2017,12:00:00,1,"MAXCLEAR WIPER BLEAD 21""""",SUB1031,SLT1000,UOM1000,UOM1000,1,,ITP1000,
ITM1514,"RAINX W/B WIPRE BLADE26""""",,1,10,1,1,1,0,1/1/2017,12:00:00,1,1/1/2017,12:00:00,1,"MAXCLEAR WIPER BLEAD 21""""",SUB1031,SLT1000,UOM1000,UOM1000,1,,ITP1000,
ITM1515,"RX FUSION  WIPER BLADE 24""""",,1,10,1,1,1,0,1/1/2017,12:00:00,1,1/1/2017,12:00:00,1,"MAXCLEAR WIPER BLEAD 21""""",SUB1031,SLT1000,UOM1000,UOM1000,1,,ITP1000,
ITM1516,"RX FUSION WIPER BLADE 16""""",,1,10,1,1,1,0,1/1/2017,12:00:00,1,1/1/2017,12:00:00,1,"MAXCLEAR WIPER BLEAD 21""""",SUB1031,SLT1000,UOM1000,UOM1000,1,,ITP1000,
ITM1517,"RX FUSION WIPER BLADE 18""""",,1,10,1,1,1,0,1/1/2017,12:00:00,1,1/1/2017,12:00:00,1,"MAXCLEAR WIPER BLEAD 21""""",SUB1031,SLT1000,UOM1000,UOM1000,1,,ITP1000,
ITM1518,"RX FUSION WIPER BLADE 20""""",,1,10,1,1,1,0,1/1/2017,12:00:00,1,1/1/2017,12:00:00,1,"MAXCLEAR WIPER BLEAD 21""""",SUB1031,SLT1000,UOM1000,UOM1000,1,,ITP1000,
ITM1519,"RX FUSION WIPER BLADE 22""""",,1,10,1,1,1,0,1/1/2017,12:00:00,1,1/1/2017,12:00:00,1,"MAXCLEAR WIPER BLEAD 21""""",SUB1031,SLT1000,UOM1000,UOM1000,1,,ITP1000,
ITM1520,SILANSER END,,1,10,1,1,1,0,1/1/2017,12:00:00,1,1/1/2017,12:00:00,1,"MAXCLEAR WIPER BLEAD 21""""",SUB1031,SLT1000,UOM1000,UOM1000,1,,ITP1000,
ITM1521,SILANSER END MF216,,1,10,1,1,1,0,1/1/2017,12:00:00,1,1/1/2017,12:00:00,1,"MAXCLEAR WIPER BLEAD 21""""",SUB1031,SLT1000,UOM1000,UOM1000,1,,ITP1000,
ITM1522,SILANSER END MF40,,1,10,1,1,1,0,1/1/2017,12:00:00,1,1/1/2017,12:00:00,1,"MAXCLEAR WIPER BLEAD 21""""",SUB1031,SLT1000,UOM1000,UOM1000,1,,ITP1000,
ITM1523,SILANSER END MF4043,,1,10,1,1,1,0,1/1/2017,12:00:00,1,1/1/2017,12:00:00,1,"MAXCLEAR WIPER BLEAD 21""""",SUB1031,SLT1000,UOM1000,UOM1000,1,,ITP1000,
ITM1524,STEERING WEEL COVER *L*,,1,10,1,1,1,0,1/1/2017,12:00:00,1,1/1/2017,12:00:00,1,"MAXCLEAR WIPER BLEAD 21""""",SUB1031,SLT1000,UOM1000,UOM1000,1,,ITP1000,
ITM1525,STEERING WEEL COVER *M*,,1,10,1,1,1,0,1/1/2017,12:00:00,1,1/1/2017,12:00:00,1,"MAXCLEAR WIPER BLEAD 21""""",SUB1031,SLT1000,UOM1000,UOM1000,1,,ITP1000,
ITM1526,STEERING WEEL COVER *S*,,1,10,1,1,1,0,1/1/2017,12:00:00,1,1/1/2017,12:00:00,1,"MAXCLEAR WIPER BLEAD 21""""",SUB1031,SLT1000,UOM1000,UOM1000,1,,ITP1000,
ITM1527,STEERING WEEL COVER *XL*,,1,10,1,1,1,0,1/1/2017,12:00:00,1,1/1/2017,12:00:00,1,"MAXCLEAR WIPER BLEAD 21""""",SUB1031,SLT1000,UOM1000,UOM1000,1,,ITP1000,
ITM1528,STEERING WEEL COVER *XXL*,,1,10,1,1,1,0,1/1/2017,12:00:00,1,1/1/2017,12:00:00,1,"MAXCLEAR WIPER BLEAD 21""""",SUB1031,SLT1000,UOM1000,UOM1000,1,,ITP1000,
ITM1529,"WINDSHIELD WIPER 12""""",,1,10,1,1,1,0,1/1/2017,12:00:00,1,1/1/2017,12:00:00,1,"MAXCLEAR WIPER BLEAD 21""""",SUB1031,SLT1000,UOM1000,UOM1000,1,,ITP1000,
ITM1530,"WINDSHIELD WIPER 14""""",,1,10,1,1,1,0,1/1/2017,12:00:00,1,1/1/2017,12:00:00,1,"MAXCLEAR WIPER BLEAD 21""""",SUB1031,SLT1000,UOM1000,UOM1000,1,,ITP1000,
ITM1531,"WINDSHIELD WIPER 16""""",,1,10,1,1,1,0,1/1/2017,12:00:00,1,1/1/2017,12:00:00,1,"MAXCLEAR WIPER BLEAD 21""""",SUB1031,SLT1000,UOM1000,UOM1000,1,,ITP1000,
ITM1532,"WINDSHIELD WIPER 17""""",,1,10,1,1,1,0,1/1/2017,12:00:00,1,1/1/2017,12:00:00,1,"MAXCLEAR WIPER BLEAD 21""""",SUB1031,SLT1000,UOM1000,UOM1000,1,,ITP1000,
ITM1533,"WINDSHIELD WIPER 20""""",,1,10,1,1,1,0,1/1/2017,12:00:00,1,1/1/2017,12:00:00,1,"MAXCLEAR WIPER BLEAD 21""""",SUB1031,SLT1000,UOM1000,UOM1000,1,,ITP1000,
ITM1534,"WINDSHIELD WIPER 22""""",,1,10,1,1,1,0,1/1/2017,12:00:00,1,1/1/2017,12:00:00,1,"MAXCLEAR WIPER BLEAD 21""""",SUB1031,SLT1000,UOM1000,UOM1000,1,,ITP1000,
ITM1535,"WINDSHIELD WIPER 24""""",,1,10,1,1,1,0,1/1/2017,12:00:00,1,1/1/2017,12:00:00,1,"MAXCLEAR WIPER BLEAD 21""""",SUB1031,SLT1000,UOM1000,UOM1000,1,,ITP1000,
ITM1536,"WIPER BLADE (UNI) 21""""",,1,10,1,1,1,0,1/1/2017,12:00:00,1,1/1/2017,12:00:00,1,"MAXCLEAR WIPER BLEAD 21""""",SUB1031,SLT1000,UOM1000,UOM1000,1,,ITP1000,
ITM1537,"WIPER BLADE (UNI) 22""""",,1,10,1,1,1,0,1/1/2017,12:00:00,1,1/1/2017,12:00:00,1,"MAXCLEAR WIPER BLEAD 21""""",SUB1031,SLT1000,UOM1000,UOM1000,1,,ITP1000,
ITM1538,"WIPER BLADE (UNI) 24""""",,1,10,1,1,1,0,1/1/2017,12:00:00,1,1/1/2017,12:00:00,1,"MAXCLEAR WIPER BLEAD 21""""",SUB1031,SLT1000,UOM1000,UOM1000,1,,ITP1000,
ITM1539,"WIPER BLADE 18""(WURTH)""",,1,10,1,1,1,0,1/1/2017,12:00:00,1,1/1/2017,12:00:00,1,"MAXCLEAR WIPER BLEAD 21""""",SUB1031,SLT1000,UOM1000,UOM1000,1,,ITP1000,
ITM1540,"WIPER BLADE 19"" (BOSCH)""",,1,10,1,1,1,0,1/1/2017,12:00:00,1,1/1/2017,12:00:00,1,"MAXCLEAR WIPER BLEAD 21""""",SUB1031,SLT1000,UOM1000,UOM1000,1,,ITP1000,
ITM1541,"WIPER BLADE 20"" (WURTH)""",,1,10,1,1,1,0,1/1/2017,12:00:00,1,1/1/2017,12:00:00,1,"MAXCLEAR WIPER BLEAD 21""""",SUB1031,SLT1000,UOM1000,UOM1000,1,,ITP1000,
ITM1542,"WIPER BLADE 21"" (WURTH)""",,1,10,1,1,1,0,1/1/2017,12:00:00,1,1/1/2017,12:00:00,1,"MAXCLEAR WIPER BLEAD 21""""",SUB1031,SLT1000,UOM1000,UOM1000,1,,ITP1000,
ITM1543,"WIPER BLADE 24"" (WURTH)""",,1,10,1,1,1,0,1/1/2017,12:00:00,1,1/1/2017,12:00:00,1,"MAXCLEAR WIPER BLEAD 21""""",SUB1031,SLT1000,UOM1000,UOM1000,1,,ITP1000,
ITM1544,"WIPER BLADE BOSCH 12""""",,1,10,1,1,1,0,1/1/2017,12:00:00,1,1/1/2017,12:00:00,1,"MAXCLEAR WIPER BLEAD 21""""",SUB1031,SLT1000,UOM1000,UOM1000,1,,ITP1000,
ITM1545,"WIPER BLADE BOSCH 14""""",,1,10,1,1,1,0,1/1/2017,12:00:00,1,1/1/2017,12:00:00,1,"MAXCLEAR WIPER BLEAD 21""""",SUB1031,SLT1000,UOM1000,UOM1000,1,,ITP1000,
ITM1546,"WIPER BLADE BOSCH 16""""",,1,10,1,1,1,0,1/1/2017,12:00:00,1,1/1/2017,12:00:00,1,"MAXCLEAR WIPER BLEAD 21""""",SUB1031,SLT1000,UOM1000,UOM1000,1,,ITP1000,
ITM1547,"WIPER BLADE BOSCH 18""""",,1,10,1,1,1,0,1/1/2017,12:00:00,1,1/1/2017,12:00:00,1,"MAXCLEAR WIPER BLEAD 21""""",SUB1031,SLT1000,UOM1000,UOM1000,1,,ITP1000,
ITM1548,"WIPER BLADE BOSCH 20""""",,1,10,1,1,1,0,1/1/2017,12:00:00,1,1/1/2017,12:00:00,1,"MAXCLEAR WIPER BLEAD 21""""",SUB1031,SLT1000,UOM1000,UOM1000,1,,ITP1000,
ITM1549,"WIPER BLADE BOSCH 21""""",,1,10,1,1,1,0,1/1/2017,12:00:00,1,1/1/2017,12:00:00,1,"MAXCLEAR WIPER BLEAD 21""""",SUB1031,SLT1000,UOM1000,UOM1000,1,,ITP1000,
ITM1550,"WIPER BLADE BOSCH 24""""",,1,10,1,1,1,0,1/1/2017,12:00:00,1,1/1/2017,12:00:00,1,"MAXCLEAR WIPER BLEAD 21""""",SUB1031,SLT1000,UOM1000,UOM1000,1,,ITP1000,
ITM1551,AIR FRESHENER ENGLISH ROSE ,,1,10,1,1,1,0,1/1/2017,12:00:00,1,1/1/2017,12:00:00,1,AIR FRESHENER ENGLISH ROSE ,SUB1010,SLT1000,UOM1000,UOM1000,1,,ITP1000,
ITM1552,AIR FRESHENER GEL (AQVA COOL),,1,10,1,1,1,0,1/1/2017,12:00:00,1,1/1/2017,12:00:00,1,AIR FRESHENER GEL (AQVA COOL),SUB1010,SLT1000,UOM1000,UOM1000,1,,ITP1000,
ITM1553,AIR FRESHENER GEL (LEVENDER),,1,10,1,1,1,0,1/1/2017,12:00:00,1,1/1/2017,12:00:00,1,AIR FRESHENER GEL (LEVENDER),SUB1010,SLT1000,UOM1000,UOM1000,1,,ITP1000,
ITM1554,AIR FRESHENER GEL (LOTUS),,1,10,1,1,1,0,1/1/2017,12:00:00,1,1/1/2017,12:00:00,1,AIR FRESHENER GEL (LOTUS),SUB1010,SLT1000,UOM1000,UOM1000,1,,ITP1000,
ITM1555,AIR FRESHENER GEL (MUSK TWIST),,1,10,1,1,1,0,1/1/2017,12:00:00,1,1/1/2017,12:00:00,1,AIR FRESHENER GEL (MUSK TWIST),SUB1010,SLT1000,UOM1000,UOM1000,1,,ITP1000,
ITM1556,AIR FRESHENER GEL (PEACH),,1,10,1,1,1,0,1/1/2017,12:00:00,1,1/1/2017,12:00:00,1,AIR FRESHENER GEL (PEACH),SUB1010,SLT1000,UOM1000,UOM1000,1,,ITP1000,
ITM1557,AIR FRESHENER LAVENDER ,,1,10,1,1,1,0,1/1/2017,12:00:00,1,1/1/2017,12:00:00,1,AIR FRESHENER LAVENDER ,SUB1010,SLT1000,UOM1000,UOM1000,1,,ITP1000,
ITM1558,AIR FRESHENER LAVENDER GARDEN ,,1,10,1,1,1,0,1/1/2017,12:00:00,1,1/1/2017,12:00:00,1,AIR FRESHENER LAVENDER GARDEN ,SUB1010,SLT1000,UOM1000,UOM1000,1,,ITP1000,
ITM1559,AIR FRESHENER MUSK,,1,10,1,1,1,0,1/1/2017,12:00:00,1,1/1/2017,12:00:00,1,AIR FRESHENER MUSK,SUB1010,SLT1000,UOM1000,UOM1000,1,,ITP1000,
ITM1560,AIR FRESHENER PETAL,,1,10,1,1,1,0,1/1/2017,12:00:00,1,1/1/2017,12:00:00,1,AIR FRESHENER PETAL,SUB1010,SLT1000,UOM1000,UOM1000,1,,ITP1000,
ITM1561,AIR FRESHENER STRAWBERRY ,,1,10,1,1,1,0,1/1/2017,12:00:00,1,1/1/2017,12:00:00,1,AIR FRESHENER STRAWBERRY ,SUB1010,SLT1000,UOM1000,UOM1000,1,,ITP1000,
ITM1562,DASH AIR FRESHENER,,1,10,1,1,1,0,1/1/2017,12:00:00,1,1/1/2017,12:00:00,1,DASH AIR FRESHENER,SUB1010,SLT1000,UOM1000,UOM1000,1,,ITP1000,
ITM1563,GLADE AIR FRESHENER (COOLWATER),,1,10,1,1,1,0,1/1/2017,12:00:00,1,1/1/2017,12:00:00,1,GLADE AIR FRESHENER (COOLWATER),SUB1010,SLT1000,UOM1000,UOM1000,1,,ITP1000,
ITM1564,GLADE AIR FRESHENER (TROPICAL FRESH),,1,10,1,1,1,0,1/1/2017,12:00:00,1,1/1/2017,12:00:00,1,GLADE AIR FRESHENER (TROPICAL FRESH),SUB1010,SLT1000,UOM1000,UOM1000,1,,ITP1000,
ITM1565,GODREJ AIR FRESHENER,,1,10,1,1,1,0,1/1/2017,12:00:00,1,1/1/2017,12:00:00,1,GODREJ AIR FRESHENER,SUB1010,SLT1000,UOM1000,UOM1000,1,,ITP1000,
ITM1566,GODREJ AIR FRESHENER (COOL),,1,10,1,1,1,0,1/1/2017,12:00:00,1,1/1/2017,12:00:00,1,GODREJ AIR FRESHENER (COOL),SUB1010,SLT1000,UOM1000,UOM1000,1,,ITP1000,
ITM1567,GODREJ AIR FRESHENER (FRESH),,1,10,1,1,1,0,1/1/2017,12:00:00,1,1/1/2017,12:00:00,1,GODREJ AIR FRESHENER (FRESH),SUB1010,SLT1000,UOM1000,UOM1000,1,,ITP1000,
ITM1568,GODREJ AIR FRESHENER (MUSK),,1,10,1,1,1,0,1/1/2017,12:00:00,1,1/1/2017,12:00:00,1,GODREJ AIR FRESHENER (MUSK),SUB1010,SLT1000,UOM1000,UOM1000,1,,ITP1000,
ITM1569,GODREJ AIR FRESHENER SPRAY,,1,10,1,1,1,0,1/1/2017,12:00:00,1,1/1/2017,12:00:00,1,GODREJ AIR FRESHENER SPRAY,SUB1010,SLT1000,UOM1000,UOM1000,1,,ITP1000,
